date,close_price,volume,open_price,high_price,low_price
02/07/2025,$19.10 ,58277920,$19.35 ,$19.36 ,$19.03 
02/06/2025,$19.38 ,45553770,$19.51 ,$19.70 ,$19.22 
02/05/2025,$19.65 ,66250250,$19.19 ,$19.77 ,$18.91 
02/04/2025,$19.29 ,54098200,$19.10 ,$19.53 ,$19.02 
02/03/2025,$19.38 ,77523140,$18.97 ,$19.75 ,$18.78 
1/31/2025,$19.43 ,117474900,$20.10 ,$20.33 ,$19.38 
1/30/2025,$20.01 ,108167000,$19.72 ,$20.10 ,$19.43 
1/29/2025,$19.75 ,86506820,$19.87 ,$20.08 ,$19.66 
1/28/2025,$19.80 ,73411390,$20.34 ,$20.34 ,$19.74 
1/27/2025,$20.29 ,83582100,$20.81 ,$21.06 ,$20.14 
1/24/2025,$20.83 ,66300610,$21.36 ,$21.41 ,$20.75 
1/23/2025,$21.57 ,55778160,$21.69 ,$21.75 ,$21.35 
1/22/2025,$21.86 ,60972580,$21.73 ,$22.29 ,$21.57 
1/21/2025,$21.77 ,96262180,$22.03 ,$22.41 ,$21.75 
1/17/2025,$21.49 ,166483900,$21.26 ,$21.62 ,$20.79 
1/16/2025,$19.67 ,44898060,$19.75 ,$19.95 ,$19.40 
1/15/2025,$19.72 ,56305990,$19.40 ,$19.77 ,$19.17 
1/14/2025,$19.20 ,47147530,$19.36 ,$19.52 ,$18.82 
1/13/2025,$19.20 ,50668970,$18.92 ,$19.25 ,$18.73 
01/10/2025,$19.15 ,71244580,$19.66 ,$19.66 ,$18.91 
01/08/2025,$19.88 ,47897070,$19.83 ,$20.12 ,$19.71 
01/07/2025,$20.01 ,61726060,$20.02 ,$20.34 ,$19.90 
01/06/2025,$19.87 ,83270990,$20.83 ,$20.98 ,$19.78 
01/03/2025,$20.56 ,48983940,$20.39 ,$20.67 ,$20.06 
01/02/2025,$20.22 ,46438530,$20.23 ,$20.43 ,$20.00 
12/31/2024,$20.05 ,49846660,$19.99 ,$20.40 ,$19.88 
12/30/2024,$19.82 ,59608130,$20.01 ,$20.12 ,$19.73 
12/27/2024,$20.30 ,48260830,$20.21 ,$20.61 ,$20.09 
12/26/2024,$20.44 ,39950380,$20.23 ,$20.67 ,$20.08 
12/24/2024,$20.40 ,29884030,$20.22 ,$20.40 ,$19.96 
12/23/2024,$20.20 ,57988380,$19.58 ,$20.23 ,$19.52 
12/20/2024,$19.52 ,108453700,$18.97 ,$19.76 ,$18.90 
12/19/2024,$19.06 ,69117810,$19.53 ,$19.69 ,$19.03 
12/18/2024,$19.30 ,86041240,$20.48 ,$20.58 ,$19.21 
12/17/2024,$20.44 ,51767150,$20.64 ,$20.77 ,$20.29 
12/16/2024,$20.83 ,73832890,$20.17 ,$21.10 ,$20.00 
12/13/2024,$20.34 ,55104080,$20.60 ,$20.80 ,$20.25 
12/12/2024,$20.78 ,77695010,$20.02 ,$20.90 ,$19.92 
12/11/2024,$20.12 ,75209340,$20.14 ,$20.25 ,$19.87 
12/10/2024,$20.16 ,90004830,$20.83 ,$20.86 ,$19.96 
12/09/2024,$20.81 ,68818220,$20.92 ,$21.06 ,$20.73 
12/06/2024,$20.92 ,78539130,$20.95 ,$21.05 ,$20.66 
12/05/2024,$20.80 ,167993500,$22.04 ,$22.19 ,$20.66 
12/04/2024,$21.96 ,104649000,$22.53 ,$22.54 ,$21.81 
12/03/2024,$22.47 ,138160500,$23.68 ,$23.75 ,$22.44 
12/02/2024,$23.93 ,150497900,$24.84 ,$25.48 ,$23.44 
11/29/2024,$24.05 ,36616750,$23.72 ,$24.28 ,$23.60 
11/27/2024,$23.65 ,53992320,$23.83 ,$23.93 ,$23.06 
11/26/2024,$24.05 ,69613560,$24.95 ,$24.99 ,$23.81 
11/25/2024,$24.87 ,91128390,$25.04 ,$25.57 ,$24.76 
11/22/2024,$24.50 ,36784720,$24.35 ,$24.68 ,$24.14 
11/21/2024,$24.44 ,58928410,$24.08 ,$24.77 ,$23.83 
11/20/2024,$24.01 ,50191510,$24.07 ,$24.21 ,$23.55 
11/19/2024,$24.20 ,61190860,$24.50 ,$24.54 ,$24.10 
11/18/2024,$24.84 ,59667330,$24.33 ,$25.02 ,$24.16 
11/15/2024,$24.35 ,55104880,$24.81 ,$24.82 ,$24.23 
11/14/2024,$25.03 ,49252120,$25.12 ,$25.61 ,$24.93 
11/13/2024,$24.92 ,58201970,$24.06 ,$25.14 ,$24.02 
11/12/2024,$24.16 ,62539730,$24.66 ,$24.96 ,$23.89 
11/11/2024,$25.05 ,80185320,$25.96 ,$26.29 ,$24.83 
11/08/2024,$26.20 ,76427980,$26.00 ,$26.43 ,$25.83 
11/07/2024,$26.23 ,101489300,$25.43 ,$26.38 ,$25.19 
11/06/2024,$25.05 ,116760500,$24.30 ,$25.12 ,$24.05 
11/05/2024,$23.32 ,59153330,$22.58 ,$23.58 ,$22.40 
11/04/2024,$22.52 ,84616300,$22.96 ,$23.00 ,$22.00 
11/01/2024,$23.20 ,173471100,$23.00 ,$23.58 ,$21.91 
10/31/2024,$21.52 ,112485500,$22.15 ,$22.25 ,$21.47 
10/30/2024,$22.30 ,50941230,$22.42 ,$22.93 ,$22.26 
10/29/2024,$22.90 ,83422240,$22.87 ,$23.14 ,$22.41 
10/28/2024,$22.92 ,41914970,$22.67 ,$23.27 ,$22.56 
10/25/2024,$22.68 ,67502980,$22.42 ,$23.34 ,$22.41 
10/24/2024,$22.34 ,40554420,$22.09 ,$22.37 ,$21.97 
10/23/2024,$21.98 ,45799050,$22.30 ,$22.43 ,$21.58 
10/22/2024,$22.40 ,50160380,$22.73 ,$22.82 ,$22.17 
10/21/2024,$22.84 ,39726990,$22.61 ,$22.88 ,$22.25 
10/18/2024,$22.77 ,39971700,$22.61 ,$22.82 ,$22.50 
10/17/2024,$22.44 ,43807580,$22.72 ,$22.82 ,$22.40 
10/16/2024,$22.31 ,62151770,$22.38 ,$22.54 ,$21.74 
10/15/2024,$22.66 ,68900560,$23.41 ,$23.72 ,$22.47 
10/14/2024,$23.44 ,35403650,$23.58 ,$23.77 ,$23.27 
10/11/2024,$23.56 ,43585250,$23.05 ,$23.82 ,$22.98 
10/10/2024,$23.22 ,44874580,$23.19 ,$23.53 ,$22.96 
10/09/2024,$23.46 ,44759020,$23.25 ,$23.48 ,$23.06 
10/08/2024,$23.32 ,58650460,$22.25 ,$23.42 ,$22.05 
10/07/2024,$22.38 ,54928670,$22.40 ,$22.65 ,$22.02 
10/04/2024,$22.59 ,49966930,$22.70 ,$22.91 ,$22.30 
10/03/2024,$22.26 ,49565930,$22.14 ,$22.73 ,$21.65 
10/02/2024,$22.39 ,59033900,$22.67 ,$23.07 ,$22.35 
10/01/2024,$22.69 ,86344360,$23.46 ,$23.72 ,$22.26 
9/30/2024,$23.46 ,66460230,$23.74 ,$23.95 ,$23.09 
9/27/2024,$23.91 ,85883280,$24.16 ,$24.66 ,$23.70 
9/26/2024,$23.92 ,95416940,$24.28 ,$24.42 ,$23.25 
9/25/2024,$23.54 ,117013400,$22.80 ,$24.06 ,$22.73 
9/24/2024,$22.81 ,113082500,$22.53 ,$23.11 ,$22.29 
9/23/2024,$22.56 ,184439100,$22.43 ,$22.82 ,$22.03 
9/20/2024,$21.84 ,260377900,$20.89 ,$23.14 ,$20.35 
9/19/2024,$21.14 ,99829170,$21.28 ,$21.69 ,$21.03 
9/18/2024,$20.77 ,118727900,$21.36 ,$21.74 ,$20.72 
9/17/2024,$21.47 ,196249800,$21.71 ,$22.58 ,$21.24 
9/16/2024,$20.91 ,149337000,$20.03 ,$21.07 ,$19.76 
9/13/2024,$19.66 ,44236270,$19.49 ,$19.80 ,$19.49 
09/12/2024,$19.36 ,51602920,$19.43 ,$19.54 ,$19.04 
09/11/2024,$19.64 ,71403140,$19.01 ,$19.69 ,$18.52 
09/10/2024,$18.98 ,55621270,$19.03 ,$19.11 ,$18.51 
09/09/2024,$19.07 ,64244130,$19.00 ,$19.54 ,$18.95 
09/06/2024,$18.89 ,92686460,$19.44 ,$19.49 ,$18.64 
09/05/2024,$19.40 ,65388790,$19.28 ,$19.90 ,$19.24 
09/04/2024,$19.43 ,85871890,$19.76 ,$20.05 ,$19.28 
09/03/2024,$20.10 ,115305500,$21.54 ,$21.69 ,$19.99 
8/30/2024,$22.04 ,177785400,$21.25 ,$22.12 ,$21.00 
8/29/2024,$20.13 ,64529660,$19.76 ,$20.60 ,$19.75 
8/28/2024,$19.61 ,50144890,$19.98 ,$20.11 ,$19.51 
8/27/2024,$20.07 ,43862020,$20.13 ,$20.26 ,$19.84 
8/26/2024,$20.13 ,58534790,$20.53 ,$20.56 ,$19.95 
8/23/2024,$20.54 ,73398430,$20.32 ,$20.93 ,$20.26 
8/22/2024,$20.10 ,81444670,$21.39 ,$21.40 ,$20.04 
8/21/2024,$21.41 ,57028870,$21.07 ,$21.44 ,$21.07 
8/20/2024,$20.99 ,84161270,$21.21 ,$21.23 ,$20.82 
8/19/2024,$21.52 ,65956300,$20.89 ,$21.86 ,$20.84 
8/16/2024,$20.87 ,48582660,$20.53 ,$20.90 ,$20.41 
8/15/2024,$20.69 ,84814880,$20.32 ,$21.06 ,$20.23 
8/14/2024,$19.92 ,56758180,$20.49 ,$20.50 ,$19.79 
8/13/2024,$20.47 ,77511350,$19.48 ,$20.48 ,$19.47 
08/12/2024,$19.36 ,54677580,$19.87 ,$19.97 ,$19.00 
08/09/2024,$19.71 ,76394550,$20.08 ,$20.15 ,$19.50 
08/08/2024,$20.49 ,96836820,$19.10 ,$20.55 ,$18.84 
08/07/2024,$18.99 ,97972290,$19.92 ,$20.25 ,$18.95 
08/06/2024,$19.83 ,106670400,$20.32 ,$20.63 ,$19.75 
08/05/2024,$20.11 ,147385700,$20.20 ,$20.39 ,$19.29 
08/02/2024,$21.48 ,300895900,$21.94 ,$21.98 ,$20.42 
08/01/2024,$29.05 ,107672500,$30.43 ,$30.71 ,$28.89 
7/31/2024,$30.74 ,56110610,$30.54 ,$30.87 ,$30.28 
7/30/2024,$30.13 ,48256630,$30.85 ,$30.91 ,$30.01 
7/29/2024,$30.83 ,32342200,$31.42 ,$31.47 ,$30.79 
7/26/2024,$31.35 ,38352540,$31.43 ,$31.56 ,$31.02 
7/25/2024,$31.10 ,49774030,$31.37 ,$31.99 ,$30.95 
7/24/2024,$31.70 ,62216670,$32.54 ,$32.80 ,$31.66 
7/23/2024,$32.95 ,29466370,$32.96 ,$33.23 ,$32.83 
7/22/2024,$33.37 ,48503750,$33.28 ,$33.41 ,$32.76 
7/19/2024,$32.98 ,69628650,$34.57 ,$34.58 ,$32.85 
7/18/2024,$34.87 ,84188610,$34.96 ,$36.30 ,$34.53 
7/17/2024,$34.46 ,112304200,$36.08 ,$37.16 ,$34.40 
7/16/2024,$34.34 ,28409910,$34.36 ,$34.45 ,$33.84 
7/15/2024,$34.46 ,39847920,$34.70 ,$35.23 ,$34.31 
07/12/2024,$34.49 ,62792650,$33.77 ,$35.48 ,$33.77 
07/11/2024,$33.50 ,55213670,$35.03 ,$35.15 ,$33.31 
07/10/2024,$34.87 ,52256200,$34.44 ,$34.97 ,$34.13 
07/09/2024,$34.59 ,97788840,$35.02 ,$35.22 ,$33.72 
07/08/2024,$33.99 ,82315940,$33.03 ,$34.09 ,$32.82 
07/05/2024,$32.02 ,45309450,$31.40 ,$32.34 ,$31.31 
07/03/2024,$31.23 ,24065670,$31.12 ,$31.34 ,$30.91 
07/02/2024,$31.07 ,35999280,$30.86 ,$31.31 ,$30.59 
07/01/2024,$30.84 ,32401760,$30.91 ,$31.02 ,$30.61 
6/28/2024,$30.97 ,41467680,$30.75 ,$31.31 ,$30.72 
6/27/2024,$30.59 ,30184280,$30.42 ,$30.66 ,$30.29 
6/26/2024,$30.54 ,30742980,$30.64 ,$30.68 ,$30.27 
6/25/2024,$30.74 ,29498580,$30.70 ,$30.83 ,$30.29 
6/24/2024,$30.57 ,40611790,$31.14 ,$31.42 ,$30.53 
6/21/2024,$31.09 ,92549020,$30.85 ,$31.36 ,$30.67 
6/20/2024,$30.62 ,43826320,$30.56 ,$31.11 ,$30.45 
6/18/2024,$30.63 ,33294750,$30.99 ,$31.47 ,$30.50 
6/17/2024,$30.98 ,36235320,$30.34 ,$31.00 ,$30.18 
6/14/2024,$30.45 ,28125890,$30.29 ,$30.56 ,$30.21 
6/13/2024,$30.46 ,33787160,$30.38 ,$30.58 ,$30.14 
06/12/2024,$30.76 ,51323940,$31.46 ,$31.48 ,$30.39 
06/11/2024,$30.92 ,25326850,$30.77 ,$31.03 ,$30.53 
06/10/2024,$30.91 ,37445810,$30.55 ,$30.95 ,$30.29 
06/07/2024,$30.74 ,34085530,$30.25 ,$30.78 ,$30.21 
06/06/2024,$30.42 ,34248120,$30.55 ,$30.59 ,$30.16 
06/05/2024,$30.78 ,44161660,$30.27 ,$30.84 ,$30.01 
06/04/2024,$30.03 ,51027180,$30.75 ,$30.75 ,$29.94 
06/03/2024,$30.29 ,35544900,$31.03 ,$31.07 ,$30.05 
5/31/2024,$30.85 ,95797530,$30.22 ,$30.96 ,$29.94 
5/30/2024,$30.19 ,33382760,$30.21 ,$30.50 ,$30.06 
5/29/2024,$30.13 ,35848610,$30.47 ,$30.67 ,$30.11 
5/28/2024,$31.06 ,36799150,$30.94 ,$31.37 ,$30.66 
5/24/2024,$30.72 ,42434490,$30.29 ,$31.02 ,$30.13 
5/23/2024,$30.08 ,62014550,$31.45 ,$31.57 ,$29.87 
5/22/2024,$31.42 ,36706440,$31.91 ,$32.07 ,$31.10 
5/21/2024,$31.74 ,42975360,$31.98 ,$32.24 ,$31.62 
5/20/2024,$32.10 ,31989000,$31.85 ,$32.42 ,$31.76 
5/17/2024,$31.83 ,41449780,$32.06 ,$32.11 ,$31.59 
5/16/2024,$32.03 ,47752830,$31.63 ,$32.26 ,$31.52 
5/15/2024,$31.27 ,36992930,$31.38 ,$31.40 ,$30.81 
5/14/2024,$31.05 ,47759860,$30.62 ,$31.11 ,$30.61 
5/13/2024,$30.51 ,51459140,$30.03 ,$31.13 ,$30.00 
05/10/2024,$29.85 ,42931290,$30.33 ,$30.46 ,$29.84 
05/09/2024,$30.09 ,45003400,$29.93 ,$30.39 ,$29.81 
05/08/2024,$30.00 ,63734600,$30.00 ,$30.15 ,$29.73 
05/07/2024,$30.68 ,44683400,$31.09 ,$31.45 ,$30.61 
05/06/2024,$30.97 ,36185570,$31.12 ,$31.20 ,$30.73 
05/03/2024,$30.90 ,36794830,$30.98 ,$31.06 ,$30.70 
05/02/2024,$30.51 ,50899440,$30.59 ,$30.67 ,$30.19 
05/01/2024,$30.37 ,60654760,$30.17 ,$31.04 ,$30.02 
4/30/2024,$30.47 ,72346360,$31.04 ,$31.18 ,$30.42 
4/29/2024,$31.36 ,58533260,$31.86 ,$31.91 ,$31.07 
4/26/2024,$31.88 ,119742500,$31.78 ,$32.24 ,$30.64 
4/25/2024,$35.11 ,66549400,$34.56 ,$35.30 ,$34.50 
4/24/2024,$34.50 ,53261100,$34.86 ,$35.18 ,$34.34 
4/23/2024,$34.28 ,46834040,$34.34 ,$34.60 ,$34.18 
4/22/2024,$34.41 ,39909930,$34.42 ,$34.57 ,$34.08 
4/19/2024,$34.20 ,59070310,$35.13 ,$35.13 ,$34.18 
4/18/2024,$35.04 ,42334400,$35.42 ,$35.66 ,$34.77 
4/17/2024,$35.68 ,41173350,$36.10 ,$36.13 ,$35.37 
4/16/2024,$36.26 ,30607500,$36.27 ,$36.51 ,$35.76 
4/15/2024,$36.31 ,50751560,$36.04 ,$36.70 ,$35.89 
04/12/2024,$35.69 ,80254790,$36.69 ,$36.70 ,$35.61 
04/11/2024,$37.63 ,41909090,$37.43 ,$37.67 ,$37.08 
04/10/2024,$37.20 ,51108380,$38.02 ,$38.22 ,$37.02 
04/09/2024,$38.33 ,78782980,$38.05 ,$38.58 ,$37.33 
04/08/2024,$37.98 ,56967790,$38.64 ,$38.86 ,$37.91 
04/05/2024,$38.71 ,67263040,$39.35 ,$39.46 ,$38.51 
04/04/2024,$39.73 ,57307230,$40.59 ,$40.78 ,$39.70 
04/03/2024,$40.33 ,83717980,$41.40 ,$41.65 ,$40.22 
04/02/2024,$43.94 ,32748360,$43.93 ,$44.08 ,$43.50 
04/01/2024,$44.52 ,31712590,$44.29 ,$45.41 ,$44.18 
3/28/2024,$44.17 ,54204190,$43.76 ,$44.60 ,$43.71 
3/27/2024,$43.77 ,51017830,$42.54 ,$43.83 ,$42.50 
3/26/2024,$41.99 ,39109650,$41.95 ,$42.27 ,$41.66 
3/25/2024,$41.83 ,47276530,$40.89 ,$42.22 ,$40.57 
3/22/2024,$42.57 ,28503060,$42.25 ,$42.80 ,$42.09 
3/21/2024,$42.42 ,50807590,$42.99 ,$43.60 ,$42.32 
3/20/2024,$42.20 ,74864990,$42.99 ,$43.01 ,$41.41 
3/19/2024,$42.05 ,34672950,$42.25 ,$42.29 ,$41.44 
3/18/2024,$42.71 ,27668280,$43.09 ,$43.38 ,$42.60 
3/15/2024,$42.64 ,66952860,$42.45 ,$43.15 ,$42.35 
3/14/2024,$42.75 ,38100020,$43.23 ,$43.35 ,$42.51 
3/13/2024,$43.23 ,53195930,$44.51 ,$44.98 ,$43.20 
03/12/2024,$45.24 ,31795830,$45.06 ,$45.27 ,$44.46 
03/11/2024,$44.86 ,35050990,$43.87 ,$44.93 ,$43.66 
03/08/2024,$44.00 ,54916600,$46.44 ,$46.63 ,$44.00 
03/07/2024,$46.15 ,50378150,$45.55 ,$46.42 ,$45.18 
03/06/2024,$44.51 ,52652050,$43.93 ,$45.51 ,$43.56 
03/05/2024,$43.16 ,56655140,$44.56 ,$44.87 ,$42.69 
03/04/2024,$45.61 ,59990810,$44.27 ,$46.61 ,$43.85 
03/01/2024,$43.82 ,41426070,$43.41 ,$44.27 ,$43.13 
2/29/2024,$43.05 ,48875120,$42.37 ,$43.15 ,$42.36 
2/28/2024,$41.99 ,26928470,$42.44 ,$42.45 ,$41.91 
2/27/2024,$42.73 ,25126370,$43.25 ,$43.27 ,$42.51 
2/26/2024,$42.99 ,27035380,$43.50 ,$43.68 ,$42.82 
2/23/2024,$42.99 ,33810710,$43.13 ,$43.51 ,$42.66 
2/22/2024,$42.98 ,62809320,$44.68 ,$44.68 ,$42.53 
2/21/2024,$43.47 ,57714970,$44.48 ,$44.69 ,$43.08 
2/20/2024,$44.52 ,61514140,$44.26 ,$45.17 ,$43.42 
2/16/2024,$43.51 ,29975300,$44.03 ,$44.22 ,$43.12 
2/15/2024,$44.05 ,44024510,$44.76 ,$45.27 ,$44.02 
2/14/2024,$44.19 ,36186230,$43.82 ,$44.29 ,$43.39 
2/13/2024,$43.16 ,36622230,$43.00 ,$43.63 ,$42.76 
02/12/2024,$44.03 ,51107350,$43.39 ,$45.04 ,$43.32 
02/09/2024,$43.31 ,51192960,$42.55 ,$43.52 ,$42.40 
02/08/2024,$42.50 ,33206470,$42.72 ,$42.97 ,$42.33 
02/07/2024,$42.78 ,34269250,$42.89 ,$43.10 ,$42.55 
02/06/2024,$42.74 ,34068220,$42.70 ,$42.78 ,$42.14 
02/05/2024,$42.77 ,28890260,$42.62 ,$43.15 ,$42.43 
02/02/2024,$42.60 ,53683500,$43.00 ,$43.14 ,$41.60 
02/01/2024,$43.36 ,38819860,$43.15 ,$43.57 ,$42.49 
1/31/2024,$43.08 ,51584250,$42.57 ,$43.79 ,$42.36 
1/30/2024,$42.92 ,47958760,$43.67 ,$43.82 ,$42.89 
1/29/2024,$43.84 ,51790860,$43.71 ,$43.99 ,$42.81 
1/26/2024,$43.65 ,127665300,$44.18 ,$45.41 ,$43.35 
1/25/2024,$49.55 ,84845090,$50.00 ,$50.30 ,$48.97 
1/24/2024,$49.09 ,49375830,$49.17 ,$49.77 ,$48.27 
1/23/2024,$48.89 ,37224140,$48.12 ,$48.94 ,$47.32 
1/22/2024,$48.22 ,45639520,$48.85 ,$49.17 ,$47.64 
1/19/2024,$48.15 ,55979800,$47.00 ,$48.76 ,$46.44 
1/18/2024,$46.74 ,46681350,$47.03 ,$47.57 ,$46.17 
1/17/2024,$46.06 ,33488020,$46.42 ,$46.42 ,$45.65 
1/16/2024,$47.06 ,43720670,$46.98 ,$47.22 ,$46.38 
01/12/2024,$47.12 ,27587900,$47.60 ,$47.67 ,$46.61 
01/11/2024,$47.64 ,31707880,$47.44 ,$47.84 ,$46.73 
01/10/2024,$47.47 ,31480190,$48.24 ,$48.30 ,$46.94 
01/09/2024,$48.05 ,30097010,$48.01 ,$48.56 ,$47.80 
01/08/2024,$48.45 ,42135130,$47.07 ,$48.76 ,$46.97 
01/05/2024,$46.89 ,34344030,$47.03 ,$47.83 ,$46.64 
01/04/2024,$46.87 ,47797810,$45.72 ,$47.16 ,$45.24 
01/03/2024,$47.05 ,35858430,$47.10 ,$47.81 ,$46.80 
01/02/2024,$47.80 ,45905730,$49.20 ,$49.38 ,$47.45 
12/29/2023,$50.25 ,29288710,$50.30 ,$50.57 ,$49.77 
12/28/2023,$50.39 ,27705230,$50.81 ,$50.87 ,$50.16 
12/27/2023,$50.76 ,52148040,$50.63 ,$51.28 ,$50.19 
12/26/2023,$50.50 ,60287410,$48.92 ,$50.52 ,$48.71 
12/22/2023,$48.00 ,30095730,$47.25 ,$48.16 ,$47.20 
12/21/2023,$47.08 ,28320460,$46.48 ,$47.12 ,$46.02 
12/20/2023,$45.76 ,38159140,$46.64 ,$46.95 ,$45.70 
12/19/2023,$46.66 ,35358770,$45.60 ,$46.68 ,$45.51 
12/18/2023,$45.69 ,27895650,$46.15 ,$46.23 ,$45.40 
12/15/2023,$46.16 ,84583410,$45.94 ,$47.27 ,$45.67 
12/14/2023,$45.18 ,70620770,$45.01 ,$47.07 ,$44.65 
12/13/2023,$44.57 ,35216050,$44.08 ,$44.72 ,$43.33 
12/12/2023,$44.04 ,31452160,$44.36 ,$44.44 ,$43.63 
12/11/2023,$44.54 ,48288160,$43.16 ,$44.73 ,$43.08 
12/08/2023,$42.70 ,42814960,$41.84 ,$42.96 ,$41.81 
12/07/2023,$42.15 ,29118700,$41.75 ,$42.44 ,$41.18 
12/06/2023,$41.27 ,31992260,$42.48 ,$42.59 ,$41.17 
12/05/2023,$41.92 ,31859320,$41.91 ,$42.29 ,$41.61 
12/04/2023,$42.35 ,50417590,$43.30 ,$43.31 ,$41.69 
12/01/2023,$43.74 ,43928370,$44.36 ,$44.36 ,$42.86 
11/30/2023,$44.70 ,46262970,$44.65 ,$45.09 ,$44.41 
11/29/2023,$44.94 ,38982030,$44.60 ,$45.34 ,$44.60 
11/28/2023,$44.23 ,24548870,$43.69 ,$44.38 ,$43.66 
11/27/2023,$44.08 ,33339940,$43.65 ,$44.55 ,$43.65 
11/24/2023,$43.96 ,13037110,$43.68 ,$44.00 ,$43.61 
11/22/2023,$43.67 ,31490550,$44.03 ,$44.63 ,$43.54 
11/21/2023,$43.64 ,37252060,$44.50 ,$44.66 ,$43.30 
11/20/2023,$44.74 ,44596400,$43.78 ,$44.93 ,$43.78 
11/17/2023,$43.81 ,49749720,$42.91 ,$43.81 ,$42.56 
11/16/2023,$43.35 ,86405690,$41.00 ,$43.40 ,$40.82 
11/15/2023,$40.61 ,47392140,$39.59 ,$40.84 ,$39.58 
11/14/2023,$39.41 ,45457360,$38.80 ,$39.49 ,$38.07 
11/13/2023,$38.23 ,24558260,$38.35 ,$38.57 ,$38.14 
11/10/2023,$38.86 ,38871280,$38.24 ,$38.99 ,$38.24 
11/09/2023,$37.80 ,48955770,$38.05 ,$38.52 ,$37.77 
11/08/2023,$37.92 ,33483360,$38.85 ,$38.89 ,$37.75 
11/07/2023,$38.77 ,32052040,$38.24 ,$38.90 ,$37.98 
11/06/2023,$37.95 ,23877200,$38.02 ,$38.20 ,$37.86 
11/03/2023,$38.14 ,30502740,$38.00 ,$38.32 ,$37.67 
11/02/2023,$37.70 ,35439960,$37.58 ,$37.82 ,$36.91 
11/01/2023,$37.29 ,41710710,$36.50 ,$37.32 ,$36.28 
10/31/2023,$36.50 ,41185210,$35.66 ,$36.57 ,$35.62 
10/30/2023,$35.69 ,36656270,$35.47 ,$35.96 ,$34.92 
10/27/2023,$35.54 ,84128210,$34.66 ,$36.38 ,$34.60 
10/26/2023,$32.52 ,59142510,$32.89 ,$33.22 ,$32.15 
10/25/2023,$32.83 ,44658460,$34.18 ,$34.45 ,$32.55 
10/24/2023,$34.59 ,52673860,$33.64 ,$34.71 ,$33.64 
10/23/2023,$33.85 ,53924660,$34.60 ,$35.19 ,$33.39 
10/20/2023,$34.92 ,32303330,$35.65 ,$36.28 ,$34.87 
10/19/2023,$35.67 ,29201850,$35.96 ,$36.36 ,$35.52 
10/18/2023,$35.64 ,22085950,$35.52 ,$36.02 ,$35.45 
10/17/2023,$36.06 ,24993560,$35.92 ,$36.35 ,$35.07 
10/16/2023,$36.56 ,29555780,$36.14 ,$36.94 ,$36.08 
10/13/2023,$35.97 ,28408440,$36.74 ,$36.79 ,$35.86 
10/12/2023,$36.84 ,23639230,$36.80 ,$37.22 ,$36.39 
10/11/2023,$36.88 ,19262600,$36.62 ,$37.03 ,$36.38 
10/10/2023,$36.43 ,24044100,$36.14 ,$36.74 ,$35.81 
10/09/2023,$36.06 ,19376140,$35.70 ,$36.17 ,$35.50 
10/06/2023,$36.19 ,33262160,$35.87 ,$36.46 ,$35.18 
10/05/2023,$35.89 ,25771230,$35.97 ,$36.10 ,$35.60 
10/04/2023,$35.93 ,39842200,$36.52 ,$36.52 ,$35.33 
10/03/2023,$35.69 ,45292630,$35.27 ,$36.54 ,$35.27 
10/02/2023,$35.46 ,26086160,$35.61 ,$35.98 ,$34.98 
9/29/2023,$35.55 ,28763710,$35.65 ,$35.91 ,$35.16 
9/28/2023,$35.18 ,32265280,$34.65 ,$35.66 ,$34.38 
9/27/2023,$34.61 ,44369070,$33.92 ,$34.83 ,$33.88 
9/26/2023,$33.83 ,34198290,$34.14 ,$34.78 ,$33.64 
9/25/2023,$34.29 ,21729420,$34.00 ,$34.37 ,$33.77 
9/22/2023,$34.18 ,29241610,$34.81 ,$34.89 ,$34.14 
9/21/2023,$34.65 ,45240630,$34.57 ,$35.25 ,$34.46 
9/20/2023,$34.69 ,57660830,$36.22 ,$36.25 ,$34.63 
9/19/2023,$36.34 ,53288070,$38.04 ,$38.10 ,$36.02 
9/18/2023,$37.99 ,29322150,$37.62 ,$38.39 ,$37.51 
9/15/2023,$37.88 ,68881240,$38.42 ,$38.52 ,$37.62 
9/14/2023,$38.67 ,30616490,$38.81 ,$38.90 ,$38.30 
9/13/2023,$38.71 ,35407780,$38.80 ,$39.15 ,$38.25 
09/12/2023,$38.86 ,55326560,$38.65 ,$40.07 ,$38.65 
09/11/2023,$38.59 ,36349290,$38.24 ,$38.74 ,$37.84 
09/08/2023,$38.01 ,44265050,$38.12 ,$38.83 ,$37.71 
09/07/2023,$38.18 ,67659680,$36.83 ,$38.34 ,$36.75 
09/06/2023,$36.98 ,39643390,$36.56 ,$37.04 ,$36.03 
09/05/2023,$36.71 ,43379360,$36.58 ,$37.41 ,$36.46 
09/01/2023,$36.61 ,43808480,$35.79 ,$36.75 ,$35.73 
8/31/2023,$35.14 ,48157580,$34.32 ,$35.56 ,$34.30 
8/30/2023,$34.53 ,26279160,$34.06 ,$34.66 ,$33.78 
8/29/2023,$34.31 ,29943630,$33.49 ,$34.48 ,$33.47 
8/28/2023,$33.62 ,22341780,$33.50 ,$33.78 ,$33.21 
8/25/2023,$33.25 ,27324810,$32.53 ,$33.40 ,$32.35 
8/24/2023,$32.59 ,37930960,$33.72 ,$34.09 ,$32.49 
8/23/2023,$33.98 ,32324310,$32.88 ,$34.15 ,$32.80 
8/22/2023,$32.89 ,23434190,$33.22 ,$33.80 ,$32.83 
8/21/2023,$33.14 ,43718250,$32.60 ,$33.17 ,$32.02 
8/18/2023,$32.75 ,23701060,$32.23 ,$32.91 ,$32.18 
8/17/2023,$32.58 ,39906740,$33.56 ,$33.59 ,$32.35 
8/16/2023,$33.53 ,35757250,$34.52 ,$34.63 ,$33.46 
8/15/2023,$34.77 ,27420310,$35.41 ,$35.63 ,$34.75 
8/14/2023,$35.68 ,36896060,$34.67 ,$35.71 ,$34.47 
08/11/2023,$34.89 ,28783730,$34.46 ,$34.95 ,$34.36 
08/10/2023,$34.68 ,30957300,$34.70 ,$35.09 ,$34.48 
08/09/2023,$34.28 ,28720160,$35.00 ,$35.10 ,$34.23 
08/08/2023,$35.02 ,34753600,$34.67 ,$35.10 ,$33.86 
08/07/2023,$35.23 ,22486870,$35.41 ,$35.55 ,$34.75 
08/04/2023,$35.14 ,26674900,$34.48 ,$35.56 ,$34.48 
08/03/2023,$34.87 ,24864380,$34.29 ,$35.03 ,$34.13 
08/02/2023,$34.39 ,39051970,$35.15 ,$35.18 ,$34.28 
08/01/2023,$35.80 ,24743390,$35.82 ,$36.02 ,$35.28 
7/31/2023,$35.77 ,55630700,$36.87 ,$37.19 ,$35.68 
7/28/2023,$36.83 ,90863010,$36.75 ,$36.99 ,$35.51 
7/27/2023,$34.55 ,58890820,$34.82 ,$35.03 ,$34.11 
7/26/2023,$34.36 ,32643240,$33.72 ,$34.53 ,$33.70 
7/25/2023,$34.10 ,31771090,$33.70 ,$34.34 ,$33.40 
7/24/2023,$33.63 ,25283780,$33.84 ,$34.46 ,$33.56 
7/21/2023,$34.02 ,79736960,$33.73 ,$34.25 ,$33.42 
7/20/2023,$33.37 ,37878000,$33.70 ,$34.21 ,$33.23 
7/19/2023,$34.46 ,26486680,$34.40 ,$34.84 ,$34.33 
7/18/2023,$34.50 ,29679510,$34.28 ,$34.70 ,$33.83 
7/17/2023,$34.37 ,34111170,$33.16 ,$34.60 ,$33.07 
7/14/2023,$33.15 ,30438660,$33.78 ,$33.87 ,$33.00 
7/13/2023,$33.87 ,32745750,$34.15 ,$34.30 ,$33.62 
07/12/2023,$33.98 ,37762220,$33.69 ,$34.08 ,$33.06 
07/11/2023,$33.30 ,28148830,$32.82 ,$33.36 ,$32.50 
07/10/2023,$32.74 ,36305660,$31.87 ,$32.83 ,$31.77 
07/07/2023,$31.85 ,28356250,$32.00 ,$32.41 ,$31.82 
07/06/2023,$31.97 ,41711440,$31.90 ,$32.04 ,$31.38 
07/05/2023,$32.51 ,37664720,$33.31 ,$33.33 ,$32.50 
07/03/2023,$33.62 ,15731660,$33.54 ,$33.89 ,$33.14 
6/30/2023,$33.44 ,33811250,$33.36 ,$33.56 ,$33.16 
6/29/2023,$32.91 ,38312970,$33.34 ,$33.34 ,$32.49 
6/28/2023,$33.57 ,33906880,$33.61 ,$33.81 ,$33.04 
6/27/2023,$34.10 ,33038920,$33.22 ,$34.23 ,$33.01 
6/26/2023,$33.34 ,38952370,$33.19 ,$33.99 ,$33.10 
6/23/2023,$33.00 ,46327140,$32.21 ,$33.45 ,$32.03 
6/22/2023,$32.71 ,45740310,$32.69 ,$33.24 ,$32.13 
6/21/2023,$32.90 ,70973520,$34.92 ,$35.05 ,$32.83 
6/20/2023,$35.00 ,65970240,$36.77 ,$37.11 ,$34.72 
6/16/2023,$36.37 ,110240300,$36.36 ,$36.80 ,$35.60 
6/15/2023,$35.82 ,67676300,$35.28 ,$36.42 ,$35.22 
6/14/2023,$35.58 ,74404290,$33.87 ,$35.60 ,$33.80 
6/13/2023,$33.91 ,51990040,$33.77 ,$33.95 ,$33.07 
06/12/2023,$33.07 ,59926110,$31.40 ,$33.30 ,$31.36 
06/09/2023,$31.34 ,40227070,$31.93 ,$31.99 ,$30.68 
06/08/2023,$31.82 ,35198950,$31.43 ,$31.85 ,$31.06 
06/07/2023,$31.28 ,39097990,$31.03 ,$31.37 ,$30.93 
06/06/2023,$30.96 ,42295290,$29.77 ,$31.45 ,$29.70 
06/05/2023,$29.86 ,48244130,$31.31 ,$31.40 ,$29.83 
06/02/2023,$31.31 ,36520960,$31.40 ,$31.59 ,$30.83 
06/01/2023,$31.13 ,52667370,$31.80 ,$31.94 ,$31.02 
5/31/2023,$31.44 ,136243800,$29.70 ,$32.29 ,$29.67 
5/30/2023,$29.99 ,54874790,$29.70 ,$30.04 ,$29.00 
5/26/2023,$29.00 ,71910620,$27.44 ,$29.09 ,$27.10 
5/25/2023,$27.40 ,78009440,$28.29 ,$28.29 ,$26.86 
5/24/2023,$29.00 ,28045840,$29.31 ,$29.49 ,$28.82 
5/23/2023,$29.51 ,29400850,$30.05 ,$30.20 ,$29.49 
5/22/2023,$30.28 ,28693440,$29.85 ,$30.45 ,$29.82 
5/19/2023,$29.93 ,40683000,$29.60 ,$30.24 ,$29.50 
5/18/2023,$29.68 ,36529190,$29.00 ,$29.76 ,$28.87 
5/17/2023,$28.87 ,41667260,$29.52 ,$29.56 ,$28.68 
5/16/2023,$29.22 ,22812040,$29.62 ,$29.90 ,$29.21 
5/15/2023,$29.80 ,28717480,$28.90 ,$29.83 ,$28.88 
05/12/2023,$28.95 ,24153820,$29.03 ,$29.10 ,$28.72 
05/11/2023,$28.86 ,47144360,$29.60 ,$29.68 ,$28.82 
05/10/2023,$29.97 ,40526520,$30.29 ,$30.40 ,$29.49 
05/09/2023,$30.10 ,30706520,$30.38 ,$30.58 ,$29.91 
05/08/2023,$30.77 ,30882800,$30.70 ,$30.84 ,$30.39 
05/05/2023,$30.99 ,35024560,$31.38 ,$31.41 ,$30.73 
05/04/2023,$31.24 ,46104020,$30.44 ,$31.72 ,$30.38 
05/03/2023,$30.65 ,45554490,$30.64 ,$31.11 ,$30.25 
05/02/2023,$29.77 ,33463360,$30.30 ,$30.58 ,$29.75 
05/01/2023,$30.30 ,36918530,$31.11 ,$31.24 ,$30.28 
4/28/2023,$31.06 ,80252440,$31.98 ,$32.57 ,$30.81 
4/27/2023,$29.86 ,60186240,$28.75 ,$29.95 ,$28.51 
4/26/2023,$29.05 ,41218810,$29.20 ,$29.81 ,$28.84 
4/25/2023,$28.88 ,38289870,$29.44 ,$29.57 ,$28.87 
4/24/2023,$29.66 ,38732450,$30.13 ,$30.37 ,$29.61 
4/21/2023,$30.30 ,28655760,$30.84 ,$30.84 ,$30.23 
4/20/2023,$30.86 ,30255070,$30.76 ,$31.25 ,$30.71 
4/19/2023,$31.15 ,25746570,$31.10 ,$31.52 ,$31.08 
4/18/2023,$31.83 ,26041380,$32.43 ,$32.46 ,$31.78 
4/17/2023,$32.14 ,29601150,$31.95 ,$32.64 ,$31.77 
4/14/2023,$31.89 ,24623630,$32.00 ,$32.24 ,$31.69 
4/13/2023,$32.13 ,29722340,$31.82 ,$32.43 ,$31.65 
04/12/2023,$32.02 ,37070790,$32.77 ,$32.89 ,$31.96 
04/11/2023,$32.35 ,27059110,$32.66 ,$33.11 ,$32.32 
04/10/2023,$32.52 ,30534440,$32.60 ,$32.76 ,$32.20 
04/06/2023,$32.81 ,28551920,$32.60 ,$33.00 ,$32.46 
04/05/2023,$32.83 ,39615740,$32.80 ,$32.99 ,$32.34 
04/04/2023,$33.10 ,55714060,$32.85 ,$33.84 ,$32.84 
04/03/2023,$32.89 ,57038340,$32.94 ,$33.56 ,$32.54 
3/31/2023,$32.67 ,59764990,$31.80 ,$32.90 ,$31.73 
3/30/2023,$32.09 ,70077600,$31.85 ,$32.58 ,$31.81 
3/29/2023,$31.52 ,85556190,$29.77 ,$31.89 ,$29.76 
3/28/2023,$29.29 ,37407870,$29.08 ,$29.33 ,$28.63 
3/27/2023,$29.18 ,34758160,$29.37 ,$29.73 ,$29.08 
3/24/2023,$29.36 ,55931610,$29.04 ,$29.81 ,$28.93 
3/23/2023,$29.03 ,43785480,$28.38 ,$29.16 ,$28.22 
3/22/2023,$28.13 ,37415540,$28.48 ,$29.12 ,$28.10 
3/21/2023,$28.46 ,55650830,$29.00 ,$29.17 ,$27.98 
3/20/2023,$29.16 ,38780050,$29.80 ,$29.90 ,$28.63 
3/17/2023,$29.81 ,80628500,$29.92 ,$31.00 ,$29.44 
3/16/2023,$30.18 ,75804230,$28.39 ,$30.27 ,$28.39 
3/15/2023,$28.41 ,49322840,$27.73 ,$28.50 ,$27.66 
3/14/2023,$28.01 ,47689840,$27.35 ,$28.10 ,$27.25 
3/13/2023,$26.95 ,50977000,$26.74 ,$27.31 ,$26.61 
03/10/2023,$27.22 ,65187030,$26.55 ,$27.52 ,$26.32 
03/09/2023,$26.44 ,54886080,$25.98 ,$26.98 ,$25.97 
03/08/2023,$25.98 ,36071930,$25.56 ,$26.01 ,$25.45 
03/07/2023,$25.53 ,43164610,$25.84 ,$25.99 ,$25.50 
03/06/2023,$25.99 ,37879840,$26.47 ,$26.54 ,$25.93 
03/03/2023,$26.40 ,36744860,$26.20 ,$26.48 ,$26.01 
03/02/2023,$26.20 ,48381070,$25.21 ,$26.30 ,$25.12 
03/01/2023,$25.33 ,47823400,$25.03 ,$25.92 ,$24.97 
2/28/2023,$24.93 ,50255300,$24.94 ,$25.12 ,$24.73 
2/27/2023,$24.90 ,37656960,$25.55 ,$25.58 ,$24.88 
2/24/2023,$25.14 ,44089880,$25.22 ,$25.35 ,$24.92 
2/23/2023,$25.61 ,56473240,$25.78 ,$26.08 ,$25.32 
2/22/2023,$25.47 ,89195320,$25.91 ,$26.90 ,$25.30 
2/21/2023,$26.06 ,63668360,$27.11 ,$27.27 ,$26.04 
2/17/2023,$27.61 ,32086220,$28.00 ,$28.07 ,$27.38 
2/16/2023,$28.20 ,28972480,$28.50 ,$28.83 ,$28.13 
2/15/2023,$28.85 ,23387680,$28.36 ,$28.88 ,$28.16 
2/14/2023,$28.64 ,27928930,$28.38 ,$28.72 ,$27.99 
2/13/2023,$28.55 ,32347470,$27.87 ,$28.55 ,$27.72 
02/10/2023,$27.80 ,31232540,$27.63 ,$27.99 ,$27.34 
02/09/2023,$27.73 ,43906380,$28.68 ,$28.82 ,$27.57 
02/08/2023,$28.24 ,36479120,$28.95 ,$29.12 ,$28.21 
02/07/2023,$29.05 ,50780780,$28.65 ,$29.27 ,$28.43 
02/06/2023,$28.69 ,48726360,$29.55 ,$29.65 ,$28.61 
02/03/2023,$30.32 ,57603100,$29.62 ,$31.17 ,$29.53 
02/02/2023,$30.19 ,62230660,$29.25 ,$30.30 ,$28.80 
02/01/2023,$29.07 ,63330570,$27.89 ,$29.43 ,$27.68 
1/31/2023,$28.26 ,52621580,$27.78 ,$28.29 ,$27.53 
1/30/2023,$27.95 ,55145770,$27.72 ,$28.51 ,$27.67 
1/27/2023,$28.16 ,148548200,$27.07 ,$28.24 ,$26.78 
1/26/2023,$30.09 ,56088080,$30.06 ,$30.11 ,$29.33 
1/25/2023,$29.70 ,28268020,$29.52 ,$29.89 ,$29.17 
1/24/2023,$29.92 ,24855130,$29.94 ,$30.19 ,$29.73 
1/23/2023,$30.27 ,38795840,$29.33 ,$30.49 ,$29.18 
1/20/2023,$29.22 ,35158500,$28.42 ,$29.23 ,$28.25 
1/19/2023,$28.42 ,36886620,$28.61 ,$28.76 ,$28.24 
1/18/2023,$28.81 ,44199580,$29.80 ,$29.82 ,$28.63 
1/17/2023,$29.60 ,34759080,$30.18 ,$30.26 ,$29.52 
1/13/2023,$30.11 ,31361940,$29.97 ,$30.17 ,$29.81 
01/12/2023,$30.29 ,28963880,$29.98 ,$30.38 ,$29.47 
01/11/2023,$29.85 ,30375380,$29.68 ,$29.88 ,$29.00 
01/10/2023,$29.44 ,23008080,$29.24 ,$29.51 ,$28.92 
01/09/2023,$29.31 ,37493160,$28.84 ,$29.87 ,$28.84 
01/06/2023,$28.73 ,31788630,$27.93 ,$28.83 ,$27.38 
01/05/2023,$27.56 ,33552550,$27.44 ,$27.78 ,$27.38 
01/04/2023,$27.68 ,37665200,$27.41 ,$27.92 ,$27.16 
01/03/2023,$26.73 ,31307960,$27.05 ,$27.07 ,$26.37 
12/30/2022,$26.43 ,31030090,$25.90 ,$26.46 ,$25.80 
12/29/2022,$26.21 ,30944830,$25.77 ,$26.29 ,$25.75 
12/28/2022,$25.54 ,26176920,$25.84 ,$26.12 ,$25.50 
12/27/2022,$25.94 ,29548060,$25.85 ,$26.10 ,$25.65 
12/23/2022,$26.09 ,23600920,$25.92 ,$26.19 ,$25.68 
12/22/2022,$25.97 ,47478310,$26.45 ,$26.45 ,$25.35 
12/21/2022,$26.83 ,28100910,$26.59 ,$26.97 ,$26.58 
12/20/2022,$26.44 ,31863270,$26.54 ,$26.87 ,$26.42 
12/19/2022,$26.79 ,37662460,$26.90 ,$26.97 ,$26.50 
12/16/2022,$26.92 ,81104230,$27.00 ,$27.14 ,$26.45 
12/15/2022,$27.15 ,45682650,$27.94 ,$28.00 ,$27.12 
12/14/2022,$28.26 ,37141080,$28.51 ,$29.12 ,$28.01 
12/13/2022,$28.73 ,58546840,$29.79 ,$30.09 ,$28.37 
12/12/2022,$28.69 ,35117870,$28.13 ,$28.71 ,$27.86 
12/09/2022,$28.24 ,25641350,$28.39 ,$28.78 ,$28.19 
12/08/2022,$28.44 ,28486090,$28.32 ,$28.60 ,$28.07 
12/07/2022,$28.33 ,28239930,$28.28 ,$28.55 ,$28.15 
12/06/2022,$28.60 ,27701190,$29.19 ,$29.31 ,$28.34 
12/05/2022,$29.17 ,34040380,$29.42 ,$29.75 ,$28.89 
12/02/2022,$29.41 ,31545960,$29.17 ,$29.43 ,$28.71 
12/01/2022,$29.83 ,38896310,$30.24 ,$30.48 ,$29.52 
11/30/2022,$30.07 ,72072530,$28.77 ,$30.08 ,$28.22 
11/29/2022,$28.90 ,24361490,$28.85 ,$29.18 ,$28.74 
11/28/2022,$28.73 ,28282120,$29.10 ,$29.19 ,$28.54 
11/25/2022,$29.34 ,11314880,$29.68 ,$29.68 ,$29.34 
11/23/2022,$29.67 ,23143870,$29.73 ,$30.08 ,$29.49 
11/22/2022,$29.82 ,25584060,$29.14 ,$29.86 ,$29.06 
11/21/2022,$28.94 ,36086770,$29.66 ,$29.72 ,$28.91 
11/18/2022,$29.87 ,27122210,$30.26 ,$30.26 ,$29.61 
11/17/2022,$29.89 ,31992740,$29.07 ,$29.95 ,$29.00 
11/16/2022,$29.53 ,35582750,$30.11 ,$30.23 ,$29.44 
11/15/2022,$30.71 ,40933220,$31.10 ,$31.34 ,$30.17 
11/14/2022,$30.35 ,39395340,$30.34 ,$30.99 ,$30.18 
11/11/2022,$30.43 ,49826520,$28.93 ,$30.63 ,$28.87 
11/10/2022,$29.76 ,62943920,$28.88 ,$29.83 ,$28.65 
11/09/2022,$27.52 ,30544780,$28.22 ,$28.30 ,$27.52 
11/08/2022,$28.48 ,36257960,$28.76 ,$28.95 ,$27.93 
11/07/2022,$28.41 ,34389780,$28.36 ,$28.47 ,$27.89 
11/04/2022,$28.20 ,43051930,$27.57 ,$28.24 ,$27.41 
11/03/2022,$27.39 ,39678190,$27.45 ,$27.88 ,$27.17 
11/02/2022,$27.42 ,51956100,$28.27 ,$28.85 ,$27.41 
11/01/2022,$28.30 ,44418730,$28.80 ,$28.85 ,$27.89 
10/31/2022,$28.43 ,59507740,$29.08 ,$29.18 ,$28.05 
10/28/2022,$29.07 ,91695700,$28.18 ,$29.22 ,$27.86 
10/27/2022,$26.27 ,56305130,$27.45 ,$27.59 ,$26.13 
10/26/2022,$27.21 ,37153930,$27.19 ,$27.80 ,$26.99 
10/25/2022,$27.41 ,32205300,$27.18 ,$27.56 ,$27.00 
10/24/2022,$27.18 ,43831590,$26.75 ,$27.48 ,$26.52 
10/21/2022,$26.97 ,53058710,$25.85 ,$27.05 ,$25.79 
10/20/2022,$26.08 ,33247690,$26.15 ,$26.95 ,$25.95 
10/19/2022,$26.00 ,33882270,$25.74 ,$26.25 ,$25.69 
10/18/2022,$25.87 ,51126850,$26.74 ,$26.96 ,$25.54 
10/17/2022,$26.42 ,39416470,$26.31 ,$26.75 ,$26.17 
10/14/2022,$25.91 ,48185370,$26.46 ,$26.63 ,$25.76 
10/13/2022,$26.42 ,62447040,$24.73 ,$26.84 ,$24.59 
10/12/2022,$25.33 ,39634060,$25.05 ,$25.52 ,$24.66 
10/11/2022,$25.04 ,48134930,$25.01 ,$25.48 ,$24.69 
10/10/2022,$25.20 ,43409340,$25.94 ,$25.99 ,$25.09 
10/07/2022,$25.72 ,57215510,$26.17 ,$26.28 ,$25.65 
10/06/2022,$27.18 ,33985130,$27.44 ,$27.76 ,$27.00 
10/05/2022,$27.64 ,30119960,$27.37 ,$27.84 ,$26.89 
10/04/2022,$27.70 ,42427480,$27.43 ,$27.80 ,$27.09 
10/03/2022,$26.97 ,44096180,$26.33 ,$27.25 ,$26.07 
9/30/2022,$25.77 ,43820960,$26.30 ,$26.57 ,$25.74 
9/29/2022,$26.38 ,41831290,$26.78 ,$26.78 ,$26.19 
9/28/2022,$27.13 ,40433350,$26.86 ,$27.28 ,$26.60 
9/27/2022,$26.89 ,44121430,$27.40 ,$27.60 ,$26.62 
9/26/2022,$26.97 ,44786410,$27.56 ,$27.70 ,$26.86 
9/23/2022,$27.52 ,43491060,$27.90 ,$27.90 ,$27.19 
9/22/2022,$28.07 ,36092670,$28.40 ,$28.50 ,$28.04 
9/21/2022,$28.47 ,39977310,$29.15 ,$29.59 ,$28.46 
9/20/2022,$28.96 ,31129030,$29.07 ,$29.17 ,$28.71 
9/19/2022,$29.44 ,33151880,$29.02 ,$29.50 ,$28.90 
9/16/2022,$29.24 ,72747990,$28.70 ,$29.32 ,$28.42 
9/15/2022,$28.84 ,39919110,$29.15 ,$29.41 ,$28.71 
9/14/2022,$29.18 ,40767170,$29.55 ,$29.77 ,$29.01 
9/13/2022,$29.29 ,71417850,$30.83 ,$30.93 ,$29.25 
09/12/2022,$31.56 ,38305490,$31.74 ,$31.86 ,$31.10 
09/09/2022,$31.46 ,34081210,$31.19 ,$31.50 ,$31.08 
09/08/2022,$30.75 ,37359470,$30.37 ,$30.85 ,$29.91 
09/07/2022,$30.65 ,37329540,$30.42 ,$30.79 ,$30.05 
09/06/2022,$30.36 ,46989600,$31.39 ,$31.39 ,$30.33 
09/02/2022,$31.22 ,34893280,$32.21 ,$32.38 ,$31.06 
09/01/2022,$31.76 ,36440680,$31.57 ,$31.83 ,$31.13 
8/31/2022,$31.92 ,44074490,$32.39 ,$32.39 ,$31.77 
8/30/2022,$32.26 ,40182450,$33.04 ,$33.07 ,$32.15 
8/29/2022,$32.94 ,32976760,$33.23 ,$33.41 ,$32.81 
8/26/2022,$33.36 ,44851480,$34.95 ,$35.03 ,$33.35 
8/25/2022,$34.89 ,29799150,$33.87 ,$34.93 ,$33.82 
8/24/2022,$33.86 ,25105650,$33.97 ,$33.99 ,$33.60 
8/23/2022,$33.95 ,30687100,$33.98 ,$34.39 ,$33.91 
8/22/2022,$33.84 ,51006130,$35.00 ,$35.06 ,$33.73 
8/19/2022,$35.38 ,31425530,$35.80 ,$36.03 ,$35.19 
8/18/2022,$36.20 ,24598230,$35.68 ,$36.33 ,$35.57 
8/17/2022,$35.78 ,29176060,$35.81 ,$36.08 ,$35.27 
8/16/2022,$36.19 ,25000240,$36.16 ,$36.58 ,$35.70 
8/15/2022,$36.34 ,25400550,$36.10 ,$36.43 ,$35.71 
08/12/2022,$36.11 ,37675230,$35.80 ,$36.14 ,$35.67 
08/11/2022,$35.59 ,35569720,$35.64 ,$36.29 ,$35.49 
08/10/2022,$35.37 ,42243300,$34.99 ,$35.40 ,$34.59 
08/09/2022,$34.52 ,48202280,$35.22 ,$35.30 ,$34.40 
08/08/2022,$35.38 ,41601570,$35.36 ,$35.96 ,$35.20 
08/05/2022,$35.39 ,40205090,$35.35 ,$35.69 ,$35.18 
08/04/2022,$35.66 ,54046260,$36.01 ,$36.10 ,$35.36 
08/03/2022,$36.52 ,59513860,$36.09 ,$36.59 ,$35.26 
08/02/2022,$36.01 ,53929370,$36.59 ,$36.66 ,$36.00 
08/01/2022,$36.96 ,52513450,$36.05 ,$37.69 ,$36.05 
7/29/2022,$36.31 ,125292400,$35.61 ,$36.62 ,$35.24 
7/28/2022,$39.71 ,56662300,$40.09 ,$40.12 ,$39.04 
7/27/2022,$40.18 ,42571580,$39.27 ,$40.43 ,$39.23 
7/26/2022,$38.96 ,35925490,$39.10 ,$39.57 ,$38.88 
7/25/2022,$39.16 ,32263400,$39.29 ,$39.41 ,$38.55 
7/22/2022,$39.20 ,41349970,$40.37 ,$40.51 ,$38.94 
7/21/2022,$40.61 ,29661200,$40.51 ,$40.65 ,$39.82 
7/20/2022,$40.56 ,36387870,$40.21 ,$40.67 ,$39.56 
7/19/2022,$40.22 ,53095320,$39.32 ,$40.73 ,$39.24 
7/18/2022,$38.71 ,30814370,$39.10 ,$39.34 ,$38.53 
7/15/2022,$38.62 ,32892290,$38.27 ,$38.67 ,$37.73 
7/14/2022,$37.71 ,36690670,$36.99 ,$38.16 ,$36.29 
7/13/2022,$37.21 ,27059160,$36.68 ,$37.43 ,$36.62 
07/12/2022,$37.21 ,30546280,$37.65 ,$37.70 ,$36.99 
07/11/2022,$37.20 ,25946880,$37.66 ,$37.68 ,$37.03 
07/08/2022,$37.99 ,22566350,$37.66 ,$38.14 ,$37.39 
07/07/2022,$38.14 ,33165410,$37.89 ,$38.33 ,$37.73 
07/06/2022,$36.99 ,26258320,$36.82 ,$37.43 ,$36.46 
07/05/2022,$36.69 ,33225870,$35.93 ,$36.74 ,$35.54 
07/01/2022,$36.34 ,40596290,$37.09 ,$37.20 ,$35.88 
6/30/2022,$37.41 ,35141050,$37.21 ,$38.00 ,$36.73 
6/29/2022,$37.29 ,25437200,$37.54 ,$37.60 ,$37.02 
6/28/2022,$37.78 ,37842730,$38.58 ,$39.02 ,$37.74 
6/27/2022,$38.63 ,29585330,$38.87 ,$39.06 ,$38.47 
6/24/2022,$38.61 ,38159910,$37.85 ,$38.64 ,$37.74 
6/23/2022,$37.41 ,30162970,$37.61 ,$37.62 ,$36.91 
6/22/2022,$37.38 ,32591520,$37.33 ,$37.77 ,$37.22 
6/21/2022,$37.73 ,34004880,$37.36 ,$38.03 ,$37.33 
6/17/2022,$36.97 ,71393190,$37.48 ,$38.12 ,$36.60 
6/16/2022,$37.34 ,45576550,$37.70 ,$37.79 ,$36.93 
6/15/2022,$38.65 ,37652260,$38.56 ,$39.17 ,$37.92 
6/14/2022,$37.93 ,31351680,$38.01 ,$38.20 ,$37.54 
6/13/2022,$37.77 ,50335920,$38.55 ,$38.81 ,$37.67 
06/10/2022,$39.18 ,43084430,$39.85 ,$40.08 ,$39.18 
06/09/2022,$40.01 ,39047180,$41.01 ,$41.35 ,$40.01 
06/08/2022,$41.23 ,59649870,$42.25 ,$42.26 ,$41.03 
06/07/2022,$43.53 ,25168690,$43.06 ,$43.59 ,$42.66 
06/06/2022,$43.34 ,25437060,$43.81 ,$44.04 ,$43.08 
06/03/2022,$43.39 ,33174660,$44.11 ,$44.25 ,$43.34 
06/02/2022,$44.84 ,28727640,$44.19 ,$44.88 ,$43.94 
06/01/2022,$44.11 ,29885540,$44.77 ,$44.93 ,$43.53 
5/31/2022,$44.42 ,41111480,$44.25 ,$44.75 ,$43.65 
5/27/2022,$44.55 ,30553320,$43.59 ,$44.55 ,$43.55 
5/26/2022,$43.48 ,28826680,$42.17 ,$43.68 ,$42.08 
5/25/2022,$42.20 ,26283080,$41.44 ,$42.52 ,$41.39 
5/24/2022,$41.67 ,29837490,$41.70 ,$41.89 ,$41.10 
5/23/2022,$42.00 ,27199490,$41.69 ,$42.25 ,$41.33 
5/20/2022,$41.65 ,44802290,$42.25 ,$42.29 ,$40.31 
5/19/2022,$42.01 ,29181010,$42.32 ,$42.70 ,$41.72 
5/18/2022,$42.35 ,35218390,$43.98 ,$43.98 ,$42.22 
5/17/2022,$44.40 ,28596630,$43.82 ,$44.42 ,$43.65 
5/16/2022,$43.08 ,25071910,$43.42 ,$43.61 ,$42.79 
5/13/2022,$43.60 ,32034140,$43.42 ,$43.84 ,$42.97 
05/12/2022,$42.84 ,42329640,$42.73 ,$42.91 ,$42.01 
05/11/2022,$42.83 ,40351670,$44.02 ,$44.29 ,$42.78 
05/10/2022,$44.01 ,42770020,$44.35 ,$44.74 ,$43.50 
05/09/2022,$43.07 ,44925770,$43.81 ,$44.20 ,$42.87 
05/06/2022,$44.30 ,40916580,$44.49 ,$45.15 ,$43.84 
05/05/2022,$44.60 ,52996680,$45.60 ,$45.91 ,$44.13 
05/04/2022,$46.54 ,44625620,$45.06 ,$46.64 ,$44.41 
05/03/2022,$45.06 ,40158390,$44.79 ,$45.49 ,$44.23 
05/02/2022,$44.96 ,45446470,$43.72 ,$44.99 ,$43.51 
4/29/2022,$43.59 ,70765890,$44.99 ,$45.36 ,$43.50 
4/28/2022,$46.84 ,41097040,$45.79 ,$47.27 ,$45.54 
4/27/2022,$45.22 ,28320900,$45.48 ,$46.06 ,$45.01 
4/26/2022,$45.52 ,35356570,$46.69 ,$46.84 ,$45.51 
4/25/2022,$47.06 ,35999250,$46.21 ,$47.14 ,$46.18 
4/22/2022,$46.54 ,28219860,$47.45 ,$47.65 ,$46.50 
4/21/2022,$47.50 ,27316890,$48.62 ,$48.90 ,$47.40 
4/20/2022,$48.11 ,22787140,$48.36 ,$48.75 ,$47.98 
4/19/2022,$47.93 ,31483100,$46.60 ,$48.00 ,$46.34 
4/18/2022,$46.64 ,25593060,$45.53 ,$46.89 ,$45.52 
4/14/2022,$45.67 ,36181840,$46.75 ,$46.75 ,$45.62 
4/13/2022,$47.01 ,22171270,$46.75 ,$47.27 ,$46.55 
04/12/2022,$46.50 ,29861380,$47.32 ,$47.91 ,$46.41 
04/11/2022,$46.57 ,30352480,$46.90 ,$47.30 ,$46.53 
04/08/2022,$47.02 ,22167260,$47.28 ,$47.58 ,$46.85 
04/07/2022,$47.56 ,24116970,$47.43 ,$47.91 ,$46.77 
04/06/2022,$47.54 ,31518750,$47.44 ,$48.17 ,$47.24 
04/05/2022,$48.13 ,25779170,$48.83 ,$48.98 ,$48.02 
04/04/2022,$49.20 ,23811320,$48.17 ,$49.23 ,$47.92 
04/01/2022,$48.11 ,46598560,$49.83 ,$49.90 ,$47.33 
3/31/2022,$49.56 ,43698250,$51.20 ,$51.26 ,$49.51 
3/30/2022,$51.43 ,24623260,$52.25 ,$52.51 ,$51.22 
3/29/2022,$52.25 ,27303710,$52.00 ,$52.29 ,$51.28 
3/28/2022,$51.51 ,22932370,$51.36 ,$51.57 ,$50.56 
3/25/2022,$51.83 ,33249490,$50.69 ,$51.98 ,$50.45 
3/24/2022,$51.62 ,51677910,$48.66 ,$51.65 ,$48.59 
3/23/2022,$48.27 ,37126380,$48.46 ,$49.58 ,$48.06 
3/22/2022,$48.39 ,27923320,$47.50 ,$48.47 ,$47.40 
3/21/2022,$47.39 ,32910940,$47.46 ,$47.89 ,$47.07 
3/18/2022,$47.45 ,46237120,$46.82 ,$47.60 ,$46.35 
3/17/2022,$47.14 ,28554990,$46.32 ,$47.29 ,$45.73 
3/16/2022,$46.63 ,38885500,$45.30 ,$46.63 ,$45.27 
3/15/2022,$44.81 ,34448890,$44.50 ,$44.90 ,$44.07 
3/14/2022,$44.40 ,35993900,$45.90 ,$45.98 ,$44.30 
03/11/2022,$45.83 ,27082090,$47.15 ,$47.28 ,$45.77 
03/10/2022,$46.66 ,36455950,$47.29 ,$47.31 ,$46.16 
03/09/2022,$47.63 ,36076460,$48.41 ,$48.46 ,$46.89 
03/08/2022,$47.50 ,44813950,$47.69 ,$48.72 ,$46.89 
03/07/2022,$47.68 ,43813750,$48.01 ,$48.54 ,$47.60 
03/04/2022,$48.07 ,38324990,$47.37 ,$48.27 ,$47.37 
03/03/2022,$47.93 ,36389880,$48.18 ,$48.55 ,$47.62 
03/02/2022,$48.87 ,46936510,$47.52 ,$48.99 ,$47.48 
03/01/2022,$46.82 ,53852980,$47.54 ,$47.90 ,$46.22 
2/28/2022,$47.70 ,41946110,$47.00 ,$47.82 ,$46.85 
2/25/2022,$47.71 ,39266330,$46.93 ,$47.79 ,$46.25 
2/24/2022,$46.72 ,72740050,$43.90 ,$46.79 ,$43.63 
2/23/2022,$44.65 ,38176740,$45.17 ,$45.71 ,$44.55 
2/22/2022,$44.69 ,57093320,$44.69 ,$45.41 ,$43.85 
2/18/2022,$45.04 ,76520100,$46.19 ,$46.21 ,$44.51 
2/17/2022,$47.57 ,32030620,$47.86 ,$48.26 ,$47.38 
2/16/2022,$48.23 ,26022940,$48.06 ,$48.49 ,$47.60 
2/15/2022,$48.44 ,35857520,$47.70 ,$48.46 ,$47.19 
2/14/2022,$47.58 ,28456930,$47.92 ,$48.18 ,$47.11 
02/11/2022,$47.63 ,37208230,$48.95 ,$49.11 ,$47.50 
02/10/2022,$48.86 ,32762680,$49.18 ,$49.93 ,$48.76 
02/09/2022,$49.91 ,35217300,$49.33 ,$49.97 ,$48.83 
02/08/2022,$48.81 ,28051190,$47.98 ,$48.94 ,$47.90 
02/07/2022,$48.18 ,27558470,$48.13 ,$48.66 ,$47.96 
02/04/2022,$48.01 ,32431490,$47.86 ,$48.24 ,$47.13 
02/03/2022,$48.28 ,42145840,$49.25 ,$49.69 ,$48.25 
02/02/2022,$49.51 ,37962660,$48.25 ,$49.58 ,$48.09 
02/01/2022,$48.95 ,35386060,$48.78 ,$49.03 ,$48.36 
1/31/2022,$48.82 ,51828450,$47.68 ,$48.87 ,$47.31 
1/28/2022,$47.73 ,61945410,$47.71 ,$48.20 ,$46.30 
1/27/2022,$48.05 ,89642770,$49.98 ,$50.06 ,$47.78 
1/26/2022,$51.69 ,54895390,$51.13 ,$52.72 ,$50.75 
1/25/2022,$51.00 ,44095360,$51.01 ,$51.62 ,$50.25 
1/24/2022,$51.94 ,64273630,$51.48 ,$52.13 ,$49.88 
1/21/2022,$52.04 ,46372370,$52.08 ,$53.13 ,$51.95 
1/20/2022,$52.04 ,28582610,$53.86 ,$54.09 ,$51.94 
1/19/2022,$53.62 ,30595110,$54.63 ,$54.85 ,$53.56 
1/18/2022,$54.76 ,35332590,$55.31 ,$55.65 ,$54.68 
1/14/2022,$55.70 ,30151530,$54.85 ,$55.77 ,$54.53 
1/13/2022,$54.94 ,29605350,$56.00 ,$56.21 ,$54.77 
01/12/2022,$55.74 ,29136790,$56.14 ,$56.28 ,$54.81 
01/11/2022,$55.91 ,39795190,$55.50 ,$56.08 ,$54.73 
01/10/2022,$55.21 ,49260830,$53.97 ,$55.31 ,$53.31 
01/07/2022,$53.44 ,30717220,$54.19 ,$54.39 ,$53.15 
01/06/2022,$54.01 ,35757880,$54.61 ,$54.67 ,$53.42 
01/05/2022,$53.87 ,59109320,$54.19 ,$56.17 ,$53.83 
01/04/2022,$53.14 ,45681380,$53.57 ,$53.94 ,$52.65 
01/03/2022,$53.21 ,33892930,$51.65 ,$53.23 ,$51.60 
12/31/2021,$51.50 ,16318970,$51.89 ,$52.16 ,$51.46 
12/30/2021,$51.74 ,18359360,$51.92 ,$52.14 ,$51.65 
12/29/2021,$51.83 ,14174780,$51.81 ,$52.14 ,$51.66 
12/28/2021,$51.76 ,19290440,$51.93 ,$52.12 ,$51.63 
12/27/2021,$51.94 ,20990720,$51.35 ,$52.06 ,$51.30 
12/23/2021,$51.31 ,25198250,$51.08 ,$51.73 ,$51.05 
12/22/2021,$50.97 ,23307950,$50.64 ,$51.02 ,$50.21 
12/21/2021,$50.77 ,31956290,$49.94 ,$50.84 ,$49.94 
12/20/2021,$49.60 ,30140280,$49.91 ,$50.13 ,$48.96 
12/17/2021,$50.62 ,50190420,$50.59 ,$51.02 ,$50.01 
12/16/2021,$50.83 ,33132250,$50.74 ,$51.40 ,$50.58 
12/15/2021,$50.67 ,32590320,$49.87 ,$50.78 ,$49.33 
12/14/2021,$49.70 ,34120380,$49.82 ,$50.27 ,$49.32 
12/13/2021,$50.00 ,35726900,$50.85 ,$51.02 ,$49.95 
12/10/2021,$50.59 ,23783630,$50.84 ,$51.07 ,$50.05 
12/09/2021,$50.48 ,31694240,$51.30 ,$51.59 ,$50.43 
12/08/2021,$51.75 ,37143440,$52.57 ,$52.88 ,$51.38 
12/07/2021,$52.57 ,91731470,$54.66 ,$55.00 ,$52.21 
12/06/2021,$50.99 ,40335980,$49.48 ,$51.21 ,$49.18 
12/03/2021,$49.25 ,32224930,$49.68 ,$50.06 ,$48.76 
12/02/2021,$49.50 ,37240780,$48.61 ,$49.79 ,$48.33 
12/01/2021,$48.60 ,35133400,$49.84 ,$50.31 ,$48.52 
11/30/2021,$49.20 ,49460840,$49.50 ,$50.40 ,$48.68 
11/29/2021,$50.00 ,31478900,$49.30 ,$50.13 ,$48.72 
11/26/2021,$48.78 ,25268980,$48.90 ,$49.18 ,$48.12 
11/24/2021,$49.76 ,26035780,$48.86 ,$49.78 ,$48.63 
11/23/2021,$49.10 ,44713340,$50.16 ,$50.45 ,$48.64 
11/22/2021,$49.83 ,33389630,$49.55 ,$50.85 ,$49.41 
11/19/2021,$49.52 ,27607600,$49.60 ,$49.73 ,$49.24 
11/18/2021,$49.68 ,30667660,$50.24 ,$50.24 ,$48.97 
11/17/2021,$50.23 ,23546920,$50.60 ,$50.94 ,$49.98 
11/16/2021,$50.61 ,30927770,$50.37 ,$51.15 ,$50.34 
11/15/2021,$50.32 ,24695780,$50.41 ,$50.63 ,$50.12 
11/12/2021,$50.31 ,23884840,$50.60 ,$50.90 ,$50.18 
11/11/2021,$50.53 ,25419990,$51.01 ,$51.07 ,$50.41 
11/10/2021,$50.76 ,25040730,$50.98 ,$51.39 ,$50.71 
11/09/2021,$51.20 ,22508420,$51.54 ,$51.77 ,$50.77 
11/08/2021,$51.55 ,31647840,$51.46 ,$51.99 ,$51.06 
11/05/2021,$50.92 ,36816160,$50.55 ,$51.58 ,$50.54 
11/04/2021,$50.31 ,24805960,$50.24 ,$50.35 ,$49.73 
11/03/2021,$50.39 ,23962120,$49.93 ,$50.45 ,$49.71 
11/02/2021,$49.86 ,27193260,$49.61 ,$49.90 ,$49.23 
11/01/2021,$49.55 ,28013740,$49.40 ,$49.60 ,$49.00 
10/29/2021,$49.00 ,42300970,$48.10 ,$49.28 ,$47.92 
10/28/2021,$48.08 ,31317180,$48.14 ,$48.36 ,$47.88 
10/27/2021,$47.89 ,41081460,$48.52 ,$48.82 ,$47.87 
10/26/2021,$48.28 ,68405390,$49.40 ,$49.44 ,$47.93 
10/25/2021,$49.41 ,43178770,$49.83 ,$50.07 ,$49.31 
10/22/2021,$49.46 ,109971900,$50.39 ,$50.55 ,$49.14 
10/21/2021,$56.00 ,38390860,$54.93 ,$56.07 ,$54.83 
10/20/2021,$55.37 ,16850270,$55.25 ,$55.49 ,$55.08 
10/19/2021,$55.21 ,18392880,$54.63 ,$55.22 ,$54.37 
10/18/2021,$54.47 ,22407570,$54.19 ,$54.56 ,$53.72 
10/15/2021,$54.46 ,25231140,$54.20 ,$54.49 ,$53.81 
10/14/2021,$53.90 ,26586650,$52.90 ,$54.00 ,$52.73 
10/13/2021,$52.26 ,18533960,$52.38 ,$52.58 ,$51.87 
10/12/2021,$52.17 ,32784310,$53.57 ,$53.72 ,$52.01 
10/11/2021,$53.44 ,14398760,$53.81 ,$54.41 ,$53.42 
10/08/2021,$53.81 ,16068030,$54.55 ,$54.58 ,$53.70 
10/07/2021,$54.18 ,20704440,$54.32 ,$54.99 ,$54.12 
10/06/2021,$53.98 ,20059580,$53.48 ,$54.07 ,$53.07 
10/05/2021,$53.95 ,18129360,$53.55 ,$54.34 ,$53.48 
10/04/2021,$53.47 ,27353320,$53.93 ,$54.33 ,$53.08 
10/01/2021,$53.86 ,19895100,$53.65 ,$54.11 ,$53.05 
9/30/2021,$53.28 ,20534070,$53.76 ,$53.98 ,$53.26 
9/29/2021,$53.49 ,20514310,$54.00 ,$54.05 ,$53.18 
9/28/2021,$54.00 ,24691320,$54.18 ,$54.59 ,$53.96 
9/27/2021,$54.66 ,13899910,$53.94 ,$54.87 ,$53.82 
9/24/2021,$54.22 ,12976200,$53.78 ,$54.42 ,$53.73 
9/23/2021,$54.03 ,16474330,$53.75 ,$54.30 ,$53.60 
9/22/2021,$53.50 ,18594120,$53.40 ,$53.87 ,$53.00 
9/21/2021,$52.87 ,17968930,$53.20 ,$53.45 ,$52.83 
9/20/2021,$52.98 ,35051900,$53.21 ,$53.50 ,$52.32 
9/17/2021,$54.26 ,35359230,$54.59 ,$54.59 ,$53.67 
9/16/2021,$54.83 ,19863090,$54.86 ,$54.95 ,$54.24 
9/15/2021,$55.12 ,18796180,$54.67 ,$55.15 ,$54.42 
9/14/2021,$54.52 ,22072720,$55.37 ,$55.44 ,$54.27 
9/13/2021,$54.99 ,22639240,$54.61 ,$55.49 ,$54.41 
09/10/2021,$53.84 ,20324700,$53.85 ,$54.98 ,$53.81 
09/09/2021,$53.40 ,13495800,$53.66 ,$53.89 ,$53.34 
09/08/2021,$53.57 ,18235080,$53.73 ,$53.92 ,$52.99 
09/07/2021,$53.65 ,13914970,$53.57 ,$53.95 ,$53.44 
09/03/2021,$53.51 ,13472750,$53.44 ,$54.08 ,$53.32 
09/02/2021,$53.73 ,15880060,$53.80 ,$53.89 ,$53.35 
09/01/2021,$53.67 ,18615030,$54.11 ,$54.16 ,$53.53 
8/31/2021,$54.06 ,22350100,$54.44 ,$54.50 ,$53.66 
8/30/2021,$53.94 ,14581330,$54.26 ,$54.87 ,$53.76 
8/27/2021,$53.89 ,16524990,$53.36 ,$53.94 ,$52.92 
8/26/2021,$53.13 ,19569980,$53.75 ,$53.75 ,$52.97 
8/25/2021,$53.81 ,15048390,$54.08 ,$54.23 ,$53.73 
8/24/2021,$53.81 ,20348800,$53.56 ,$53.97 ,$53.31 
8/23/2021,$53.23 ,23976260,$52.59 ,$53.54 ,$52.48 
8/20/2021,$52.01 ,25728330,$52.16 ,$52.38 ,$51.42 
8/19/2021,$52.44 ,22999390,$52.05 ,$52.67 ,$51.58 
8/18/2021,$52.19 ,15061740,$52.60 ,$53.03 ,$52.11 
8/17/2021,$52.69 ,22014900,$53.17 ,$53.18 ,$52.22 
8/16/2021,$53.47 ,17692910,$53.23 ,$53.49 ,$53.00 
8/13/2021,$53.49 ,15281070,$53.50 ,$53.56 ,$53.06 
08/12/2021,$53.54 ,15073690,$54.17 ,$54.18 ,$53.26 
08/11/2021,$54.14 ,18590800,$54.26 ,$54.36 ,$53.84 
08/10/2021,$53.94 ,16215710,$54.24 ,$54.39 ,$53.51 
08/09/2021,$54.05 ,14670140,$54.08 ,$54.41 ,$53.83 
08/06/2021,$53.92 ,19256020,$53.86 ,$54.13 ,$53.73 
08/05/2021,$53.89 ,15310010,$53.99 ,$54.02 ,$53.58 
08/04/2021,$53.90 ,17612710,$54.25 ,$54.44 ,$53.70 
08/03/2021,$54.06 ,16375930,$53.89 ,$54.16 ,$53.26 
08/02/2021,$53.68 ,18098080,$53.99 ,$54.47 ,$53.54 
7/30/2021,$53.72 ,16465690,$53.65 ,$53.90 ,$53.25 
7/29/2021,$53.70 ,16886630,$53.48 ,$54.10 ,$53.32 
7/28/2021,$53.07 ,28478850,$53.03 ,$53.92 ,$52.94 
7/27/2021,$53.18 ,39878030,$53.12 ,$53.20 ,$52.31 
7/26/2021,$54.31 ,32881170,$52.81 ,$54.54 ,$52.76 
7/23/2021,$53.00 ,67742250,$54.58 ,$54.71 ,$52.32 
7/22/2021,$55.96 ,36690980,$56.06 ,$56.54 ,$55.68 
7/21/2021,$56.23 ,18497170,$55.18 ,$56.28 ,$55.01 
7/20/2021,$55.24 ,19866970,$54.92 ,$55.56 ,$54.27 
7/19/2021,$54.64 ,27007670,$54.41 ,$54.81 ,$53.97 
7/16/2021,$54.97 ,25263790,$56.05 ,$56.93 ,$54.90 
7/15/2021,$55.81 ,18917050,$56.40 ,$56.40 ,$55.57 
7/14/2021,$56.52 ,16263610,$57.17 ,$57.46 ,$56.33 
7/13/2021,$56.87 ,15715980,$56.62 ,$57.30 ,$56.34 
07/12/2021,$56.73 ,15392760,$56.26 ,$56.76 ,$56.11 
07/09/2021,$55.99 ,18708000,$55.51 ,$56.11 ,$55.31 
07/08/2021,$55.39 ,19161960,$55.31 ,$55.72 ,$54.79 
07/07/2021,$55.96 ,14857390,$56.37 ,$56.45 ,$55.71 
07/06/2021,$56.09 ,26186600,$56.92 ,$57.01 ,$55.70 
07/02/2021,$56.76 ,17223580,$56.55 ,$56.99 ,$56.32 
07/01/2021,$56.01 ,24871590,$56.13 ,$56.64 ,$55.87 
6/30/2021,$56.14 ,29891580,$56.34 ,$56.38 ,$55.39 
6/29/2021,$56.75 ,26359990,$57.55 ,$57.83 ,$55.88 
6/28/2021,$57.48 ,22480880,$56.36 ,$57.73 ,$56.34 
6/25/2021,$55.91 ,21101240,$56.02 ,$56.41 ,$55.75 
6/24/2021,$56.07 ,21209730,$55.49 ,$56.10 ,$55.34 
6/23/2021,$55.26 ,20287880,$55.87 ,$55.97 ,$55.23 
6/22/2021,$55.87 ,18682810,$55.94 ,$56.28 ,$55.50 
6/21/2021,$55.87 ,19254640,$55.75 ,$56.04 ,$55.37 
6/18/2021,$55.67 ,55118310,$56.68 ,$56.75 ,$55.10 
6/17/2021,$57.18 ,21498760,$57.05 ,$57.90 ,$56.70 
6/16/2021,$57.22 ,21879680,$58.15 ,$58.37 ,$56.77 
6/15/2021,$57.99 ,20806540,$58.21 ,$58.42 ,$57.80 
6/14/2021,$58.19 ,21784520,$58.02 ,$58.20 ,$57.23 
06/11/2021,$57.85 ,18119740,$57.47 ,$57.94 ,$56.95 
06/10/2021,$57.38 ,26738080,$57.15 ,$58.03 ,$56.93 
06/09/2021,$57.00 ,13904790,$57.36 ,$57.48 ,$56.97 
06/08/2021,$57.00 ,33254480,$57.45 ,$57.64 ,$56.60 
06/07/2021,$57.09 ,17364400,$57.41 ,$57.44 ,$56.78 
06/04/2021,$57.37 ,21493760,$56.55 ,$57.75 ,$56.54 
06/03/2021,$56.24 ,21831300,$56.98 ,$57.10 ,$56.09 
06/02/2021,$57.48 ,18483590,$56.91 ,$57.69 ,$56.76 
06/01/2021,$56.89 ,20326370,$57.61 ,$57.82 ,$56.59 
5/28/2021,$57.12 ,20309600,$57.55 ,$57.65 ,$56.94 
5/27/2021,$57.73 ,32387640,$57.11 ,$57.88 ,$57.00 
5/26/2021,$56.92 ,15173600,$57.05 ,$57.23 ,$56.59 
5/25/2021,$56.87 ,22309870,$57.56 ,$57.56 ,$56.42 
5/24/2021,$56.96 ,19164350,$56.65 ,$57.39 ,$56.40 
5/21/2021,$56.08 ,17723090,$56.42 ,$56.71 ,$55.98 
5/20/2021,$55.95 ,23145170,$55.57 ,$56.24 ,$55.36 
5/19/2021,$55.36 ,23769650,$54.07 ,$55.43 ,$53.84 
5/18/2021,$54.84 ,18703390,$55.95 ,$56.14 ,$54.80 
5/17/2021,$55.33 ,19990820,$55.29 ,$55.89 ,$54.76 
5/14/2021,$55.35 ,28158310,$54.60 ,$55.85 ,$54.26 
5/13/2021,$54.01 ,29192470,$54.04 ,$54.39 ,$53.46 
05/12/2021,$53.62 ,30232250,$54.39 ,$54.65 ,$53.42 
05/11/2021,$55.04 ,35968050,$55.05 ,$55.63 ,$54.30 
05/10/2021,$55.97 ,35046470,$57.15 ,$57.23 ,$55.88 
05/07/2021,$57.67 ,19959040,$57.70 ,$58.01 ,$57.24 
05/06/2021,$57.19 ,25529250,$56.62 ,$57.25 ,$56.25 
05/05/2021,$56.85 ,21001930,$56.96 ,$57.30 ,$56.46 
05/04/2021,$56.90 ,35323620,$56.88 ,$56.98 ,$55.81 
05/03/2021,$57.26 ,22281700,$57.86 ,$57.88 ,$56.84 
4/30/2021,$57.53 ,30731840,$57.61 ,$58.43 ,$57.07 
4/29/2021,$58.28 ,23290620,$57.88 ,$58.30 ,$57.47 
4/28/2021,$57.62 ,30387350,$57.52 ,$58.16 ,$57.15 
4/27/2021,$57.97 ,38167700,$58.56 ,$58.63 ,$57.77 
4/26/2021,$58.76 ,39645910,$59.10 ,$59.52 ,$58.46 
4/23/2021,$59.24 ,77519830,$59.16 ,$60.00 ,$57.90 
4/22/2021,$62.57 ,38257620,$63.35 ,$63.91 ,$62.28 
4/21/2021,$63.70 ,24364210,$62.79 ,$63.78 ,$62.30 
4/20/2021,$62.70 ,19872120,$63.64 ,$63.76 ,$62.41 
4/19/2021,$63.63 ,23997680,$64.70 ,$64.74 ,$63.07 
4/16/2021,$64.75 ,24625460,$65.33 ,$65.52 ,$64.57 
4/15/2021,$65.02 ,24927680,$63.97 ,$65.22 ,$63.68 
4/14/2021,$64.19 ,25768420,$65.31 ,$65.38 ,$63.84 
4/13/2021,$65.22 ,26821990,$65.61 ,$65.63 ,$64.21 
04/12/2021,$65.41 ,51266880,$68.20 ,$68.49 ,$64.71 
04/09/2021,$68.26 ,27177100,$66.80 ,$68.40 ,$66.63 
04/08/2021,$67.05 ,22224220,$66.97 ,$67.29 ,$66.36 
04/07/2021,$66.25 ,17793260,$65.67 ,$66.57 ,$65.36 
04/06/2021,$65.56 ,28771400,$66.06 ,$66.58 ,$65.29 
04/05/2021,$66.54 ,27947520,$64.95 ,$66.74 ,$64.70 
04/01/2021,$64.55 ,31416250,$64.73 ,$64.89 ,$63.58 
3/31/2021,$64.00 ,33013230,$64.01 ,$64.49 ,$63.58 
3/30/2021,$63.77 ,20709490,$63.77 ,$64.00 ,$63.15 
3/29/2021,$64.50 ,26161610,$64.01 ,$65.13 ,$63.61 
3/26/2021,$64.87 ,34705760,$61.80 ,$64.97 ,$61.77 
3/25/2021,$62.02 ,35401430,$61.66 ,$62.44 ,$60.98 
3/24/2021,$62.04 ,74584670,$66.58 ,$67.44 ,$61.99 
3/23/2021,$63.48 ,35159950,$66.00 ,$66.05 ,$63.17 
3/22/2021,$65.63 ,34380150,$64.82 ,$66.38 ,$64.56 
3/19/2021,$63.76 ,54951650,$63.18 ,$64.99 ,$62.92 
3/18/2021,$63.73 ,30107870,$65.63 ,$65.70 ,$63.65 
3/17/2021,$65.78 ,32394650,$64.22 ,$66.29 ,$63.71 
3/16/2021,$64.78 ,30186640,$64.15 ,$65.73 ,$64.08 
3/15/2021,$63.79 ,21251480,$63.61 ,$63.88 ,$62.48 
03/12/2021,$62.90 ,20172960,$62.65 ,$63.30 ,$62.24 
03/11/2021,$63.31 ,30701770,$62.94 ,$64.09 ,$62.39 
03/10/2021,$62.25 ,27160320,$63.22 ,$64.12 ,$62.13 
03/09/2021,$62.67 ,36387480,$61.18 ,$63.17 ,$60.84 
03/08/2021,$59.85 ,33112390,$60.47 ,$61.70 ,$59.72 
03/05/2021,$60.74 ,39511670,$59.26 ,$61.18 ,$58.51 
03/04/2021,$58.33 ,40210350,$59.83 ,$60.24 ,$57.91 
03/03/2021,$59.90 ,28740360,$60.64 ,$61.52 ,$59.70 
03/02/2021,$61.24 ,23320020,$62.80 ,$63.14 ,$61.11 
03/01/2021,$62.88 ,28503500,$61.72 ,$63.08 ,$61.65 
2/26/2021,$60.78 ,38216770,$60.89 ,$61.69 ,$59.68 
2/25/2021,$60.40 ,36393950,$62.41 ,$63.54 ,$60.13 
2/24/2021,$63.19 ,24669870,$60.53 ,$63.28 ,$60.38 
2/23/2021,$61.12 ,27374590,$60.48 ,$61.50 ,$59.17 
2/22/2021,$60.71 ,32288180,$61.88 ,$62.70 ,$60.66 
2/19/2021,$63.01 ,28290120,$61.91 ,$63.26 ,$61.85 
2/18/2021,$61.61 ,17846140,$60.65 ,$61.98 ,$60.64 
2/17/2021,$61.85 ,21065330,$61.49 ,$62.19 ,$61.21 
2/16/2021,$62.47 ,26326300,$62.00 ,$62.87 ,$61.70 
02/12/2021,$61.81 ,26214180,$60.60 ,$62.51 ,$60.43 
02/11/2021,$60.66 ,27539120,$59.10 ,$60.99 ,$58.86 
02/10/2021,$58.86 ,16325150,$59.30 ,$59.42 ,$58.12 
02/09/2021,$58.78 ,28754080,$58.77 ,$59.31 ,$57.94 
02/08/2021,$59.16 ,34358300,$58.38 ,$59.22 ,$57.95 
02/05/2021,$58.18 ,23432610,$59.00 ,$59.08 ,$58.12 
02/04/2021,$58.79 ,29853780,$57.61 ,$58.88 ,$57.19 
02/03/2021,$57.68 ,21893190,$57.89 ,$58.33 ,$57.38 
02/02/2021,$58.00 ,23580890,$57.19 ,$58.28 ,$56.88 
02/01/2021,$56.69 ,26926640,$55.95 ,$57.39 ,$55.71 
1/29/2021,$55.51 ,37256230,$55.98 ,$57.16 ,$55.36 
1/28/2021,$56.07 ,49202560,$54.79 ,$57.40 ,$54.70 
1/27/2021,$53.59 ,49722950,$54.61 ,$54.85 ,$53.30 
1/26/2021,$55.21 ,31485880,$55.28 ,$56.20 ,$54.85 
1/25/2021,$55.44 ,61968550,$56.38 ,$56.50 ,$54.06 
1/22/2021,$56.66 ,85729320,$58.85 ,$59.62 ,$56.65 
1/21/2021,$62.46 ,87156460,$59.04 ,$63.95 ,$58.22 
1/20/2021,$58.67 ,28701260,$58.24 ,$59.22 ,$58.09 
1/19/2021,$57.99 ,35647140,$57.94 ,$58.34 ,$57.10 
1/15/2021,$57.58 ,50265360,$58.85 ,$59.65 ,$57.50 
1/14/2021,$59.25 ,74680890,$58.45 ,$60.14 ,$57.84 
1/13/2021,$56.95 ,124070700,$59.50 ,$60.25 ,$56.90 
01/12/2021,$53.24 ,39883890,$51.90 ,$53.85 ,$51.56 
01/11/2021,$51.54 ,32933280,$51.29 ,$52.24 ,$51.25 
01/08/2021,$51.65 ,34625380,$52.45 ,$52.53 ,$51.27 
01/07/2021,$52.19 ,32092340,$51.49 ,$52.69 ,$51.30 
01/06/2021,$51.10 ,36809640,$50.44 ,$52.15 ,$50.20 
01/05/2021,$50.61 ,24866560,$49.45 ,$50.83 ,$49.33 
01/04/2021,$49.67 ,46102460,$49.89 ,$51.39 ,$49.40 
