Date,Close/Last,Volume,Open,High,Low
2/7/2025,$571.47 ,1826948,$574.78 ,$577.48 ,$566.45 
2/6/2025,$572.71 ,2034089,$581.94 ,$584.07 ,$568.37 
2/5/2025,$582.38 ,1348853,$589.62 ,$590.09 ,$577.90 
2/4/2025,$580.57 ,2097371,$585.59 ,$591.86 ,$576.85 
2/3/2025,$593.75 ,2135677,$593.13 ,$600.41 ,$589.36 
1/31/2025,$597.75 ,2165825,$599.87 ,$605.05 ,$597.00 
1/30/2025,$606.74 ,3349850,$590.60 ,$610.97 ,$590.00 
1/29/2025,$568.23 ,2884711,$574.95 ,$577.03 ,$566.70 
1/28/2025,$584.29 ,2156803,$595.90 ,$597.00 ,$579.01 
1/27/2025,$583.64 ,1727906,$579.66 ,$584.09 ,$573.13 
1/24/2025,$574.82 ,1156526,$573.39 ,$577.57 ,$571.80 
1/23/2025,$574.85 ,1246262,$575.95 ,$576.66 ,$562.65 
1/22/2025,$574.59 ,1702544,$570.68 ,$579.57 ,$570.00 
1/21/2025,$573.06 ,2311529,$564.10 ,$576.37 ,$562.56 
1/17/2025,$559.65 ,2140069,$562.46 ,$565.00 ,$559.11 
1/16/2025,$561.71 ,1835537,$551.12 ,$561.81 ,$546.42 
1/15/2025,$551.47 ,3251325,$557.88 ,$563.81 ,$544.06 
1/14/2025,$556.99 ,2207392,$557.50 ,$561.40 ,$551.38 
1/13/2025,$555.52 ,2269943,$544.18 ,$562.32 ,$541.67 
1/10/2025,$542.31 ,2920058,$541.76 ,$557.16 ,$541.31 
1/8/2025,$544.93 ,1837771,$544.38 ,$547.78 ,$538.25 
1/7/2025,$545.65 ,1839339,$539.52 ,$551.39 ,$538.28 
1/6/2025,$537.19 ,1981838,$529.89 ,$545.32 ,$528.51 
1/3/2025,$532.02 ,1515347,$524.32 ,$536.79 ,$522.74 
1/2/2025,$522.57 ,1817498,$519.17 ,$526.10 ,$518.09 
12/31/2024,$520.23 ,1262858,$520.32 ,$524.74 ,$517.16 
12/30/2024,$518.84 ,1035557,$522.69 ,$522.93 ,$515.77 
12/27/2024,$526.07 ,943215,$524.00 ,$528.28 ,$523.00 
12/26/2024,$527.18 ,777720,$524.60 ,$527.33 ,$523.70 
12/24/2024,$528.98 ,488699,$523.25 ,$528.98 ,$522.30 
12/23/2024,$525.29 ,1558114,$520.18 ,$526.24 ,$519.59 
12/20/2024,$524.05 ,2758854,$516.69 ,$526.43 ,$515.00 
12/19/2024,$516.69 ,2237163,$518.72 ,$522.43 ,$508.86 
12/18/2024,$516.18 ,1774329,$528.00 ,$533.34 ,$515.90 
12/17/2024,$528.84 ,2544835,$526.01 ,$535.94 ,$526.01 
12/16/2024,$530.26 ,2595619,$527.34 ,$534.73 ,$526.72 
12/13/2024,$526.89 ,1553525,$523.65 ,$528.09 ,$517.15 
12/12/2024,$525.00 ,2539196,$531.33 ,$531.89 ,$524.05 
12/11/2024,$534.36 ,1389224,$535.00 ,$540.03 ,$533.64 
12/10/2024,$535.85 ,1937999,$539.53 ,$542.40 ,$534.53 
12/9/2024,$537.23 ,2106677,$529.69 ,$538.09 ,$526.64 
12/6/2024,$529.36 ,1869732,$523.00 ,$531.32 ,$522.00 
12/5/2024,$520.86 ,2665270,$527.21 ,$527.41 ,$517.68 
12/4/2024,$528.87 ,2579756,$532.55 ,$536.53 ,$524.84 
12/3/2024,$534.42 ,2665203,$530.25 ,$535.98 ,$527.94 
12/2/2024,$529.95 ,2558569,$528.70 ,$534.84 ,$526.60 
11/29/2024,$529.63 ,2108339,$523.13 ,$533.17 ,$523.00 
11/27/2024,$521.66 ,2914199,$515.41 ,$528.86 ,$514.98 
11/26/2024,$512.98 ,1748538,$514.20 ,$514.20 ,$507.27 
11/25/2024,$514.20 ,3063549,$512.30 ,$516.34 ,$509.36 
11/22/2024,$513.26 ,1833539,$514.62 ,$517.00 ,$507.17 
11/21/2024,$516.10 ,1956777,$514.12 ,$516.22 ,$507.46 
11/20/2024,$512.84 ,1534010,$507.08 ,$513.85 ,$502.73 
11/19/2024,$509.12 ,3658663,$496.19 ,$511.30 ,$493.30 
11/18/2024,$501.29 ,3164274,$511.00 ,$512.77 ,$498.61 
11/15/2024,$513.08 ,3953117,$529.40 ,$529.40 ,$511.70 
11/14/2024,$533.02 ,1765190,$539.90 ,$542.38 ,$531.69 
11/13/2024,$541.90 ,1212172,$540.00 ,$544.80 ,$538.00 
11/12/2024,$540.75 ,1724079,$549.16 ,$550.16 ,$540.05 
11/11/2024,$546.92 ,1565850,$549.08 ,$553.93 ,$545.07 
11/8/2024,$551.74 ,1620732,$557.23 ,$558.55 ,$549.00 
11/7/2024,$555.89 ,1304090,$565.00 ,$565.88 ,$554.20 
11/6/2024,$559.68 ,1423148,$570.20 ,$570.20 ,$549.20 
11/5/2024,$560.79 ,998699,$550.41 ,$561.78 ,$550.24 
11/4/2024,$555.47 ,815123,$556.68 ,$559.56 ,$550.15 
11/1/2024,$557.92 ,1459815,$550.00 ,$564.87 ,$547.29 
10/31/2024,$546.32 ,1472599,$548.56 ,$552.09 ,$544.49 
10/30/2024,$550.62 ,1452184,$547.50 ,$554.74 ,$546.75 
10/29/2024,$547.77 ,1638339,$550.96 ,$553.61 ,$547.25 
10/28/2024,$552.54 ,1116741,$559.25 ,$559.37 ,$550.45 
10/25/2024,$554.38 ,1090373,$560.16 ,$562.22 ,$553.31 
10/24/2024,$557.38 ,1757565,$572.36 ,$574.83 ,$557.26 
10/23/2024,$576.49 ,2058331,$574.58 ,$578.69 ,$566.08 
10/22/2024,$586.38 ,1619551,$587.49 ,$591.20 ,$584.16 
10/21/2024,$595.37 ,914622,$597.89 ,$600.58 ,$591.82 
10/18/2024,$601.71 ,1081607,$600.03 ,$604.39 ,$595.56 
10/17/2024,$599.25 ,1946149,$604.34 ,$608.39 ,$596.87 
10/16/2024,$591.55 ,1369297,$590.27 ,$596.80 ,$587.27 
10/15/2024,$600.52 ,1290564,$605.00 ,$610.56 ,$599.38 
10/14/2024,$603.79 ,1006424,$600.79 ,$604.54 ,$595.23 
10/11/2024,$596.92 ,2138162,$595.64 ,$602.41 ,$594.31 
10/10/2024,$593.79 ,1221166,$597.17 ,$597.17 ,$589.87 
10/9/2024,$599.25 ,890916,$594.11 ,$600.07 ,$593.11 
10/8/2024,$595.45 ,883538,$599.05 ,$602.30 ,$594.71 
10/7/2024,$598.85 ,1165872,$592.32 ,$599.30 ,$592.32 
10/4/2024,$598.61 ,871514,$602.63 ,$603.99 ,$596.53 
10/3/2024,$600.92 ,1258287,$609.86 ,$611.49 ,$599.35 
10/2/2024,$612.72 ,665365,$610.00 ,$616.57 ,$605.33 
10/1/2024,$612.94 ,1169248,$620.00 ,$620.00 ,$610.57 
9/30/2024,$618.57 ,1041296,$612.49 ,$619.02 ,$609.03 
9/27/2024,$614.42 ,871044,$619.39 ,$623.77 ,$614.04 
9/26/2024,$619.33 ,1312919,$604.56 ,$620.54 ,$604.56 
9/25/2024,$599.78 ,1282532,$613.87 ,$613.91 ,$596.00 
9/24/2024,$611.88 ,1361146,$611.21 ,$613.96 ,$607.82 
9/23/2024,$610.35 ,883226,$615.64 ,$616.41 ,$607.80 
9/20/2024,$613.69 ,1983068,$619.04 ,$619.04 ,$608.20 
9/19/2024,$620.25 ,1474247,$617.61 ,$623.75 ,$611.81 
9/18/2024,$610.12 ,1092625,$609.14 ,$614.92 ,$601.86 
9/17/2024,$610.49 ,1333012,$613.18 ,$616.58 ,$607.00 
9/16/2024,$614.15 ,1198221,$615.59 ,$616.48 ,$607.26 
9/13/2024,$611.17 ,1125097,$614.84 ,$617.04 ,$607.81 
9/12/2024,$614.16 ,1397629,$615.71 ,$619.31 ,$604.18 
9/11/2024,$618.46 ,1324098,$622.08 ,$623.00 ,$608.86 
9/10/2024,$624.21 ,1302892,$620.62 ,$627.88 ,$618.25 
9/9/2024,$620.42 ,1443321,$614.51 ,$622.26 ,$614.10 
9/6/2024,$611.33 ,1868789,$607.49 ,$619.70 ,$607.49 
9/5/2024,$606.88 ,1467659,$611.04 ,$614.17 ,$601.26 
9/4/2024,$611.90 ,1005979,$605.66 ,$612.67 ,$604.23 
9/3/2024,$606.43 ,1282258,$611.47 ,$615.03 ,$603.65 
8/30/2024,$615.07 ,1058979,$616.11 ,$618.00 ,$605.00 
8/29/2024,$611.68 ,722498,$614.43 ,$616.55 ,$609.66 
8/28/2024,$613.14 ,790456,$610.25 ,$618.00 ,$609.21 
8/27/2024,$610.40 ,737395,$605.60 ,$610.98 ,$602.00 
8/26/2024,$605.59 ,519485,$606.00 ,$606.91 ,$602.25 
8/23/2024,$606.12 ,777265,$606.77 ,$607.70 ,$600.56 
8/22/2024,$603.86 ,1138403,$613.17 ,$613.70 ,$602.00 
8/21/2024,$610.17 ,965573,$615.00 ,$618.12 ,$609.00 
8/20/2024,$614.54 ,1075495,$609.92 ,$614.80 ,$608.33 
8/19/2024,$607.60 ,959411,$604.19 ,$610.88 ,$603.95 
8/16/2024,$603.98 ,1076197,$601.79 ,$606.58 ,$599.59 
8/15/2024,$603.69 ,1241073,$605.52 ,$608.62 ,$599.98 
8/14/2024,$602.10 ,1128139,$602.09 ,$603.47 ,$595.80 
8/13/2024,$604.21 ,1042544,$599.98 ,$605.57 ,$599.46 
8/12/2024,$599.07 ,1164022,$596.26 ,$599.53 ,$591.59 
8/9/2024,$596.18 ,963806,$600.00 ,$601.35 ,$593.88 
8/8/2024,$600.04 ,1116715,$589.74 ,$601.14 ,$587.50 
8/7/2024,$587.37 ,1692238,$600.97 ,$601.78 ,$585.68 
8/6/2024,$602.02 ,1316881,$600.26 ,$612.88 ,$596.61 
8/5/2024,$598.03 ,2117077,$607.54 ,$611.37 ,$592.81 
8/2/2024,$615.69 ,1564731,$621.95 ,$622.00 ,$605.47 
8/1/2024,$621.77 ,1458185,$616.40 ,$622.30 ,$612.87 
7/31/2024,$613.34 ,1702277,$614.23 ,$620.63 ,$609.30 
7/30/2024,$615.06 ,1627170,$609.81 ,$615.74 ,$602.85 
7/29/2024,$604.12 ,1621893,$604.25 ,$607.81 ,$595.20 
7/26/2024,$607.14 ,2715365,$600.85 ,$614.65 ,$599.30 
7/25/2024,$594.50 ,3625187,$576.14 ,$603.82 ,$572.13 
7/24/2024,$574.73 ,2857263,$552.92 ,$575.25 ,$552.65 
7/23/2024,$552.24 ,2005647,$570.97 ,$572.24 ,$550.67 
7/22/2024,$546.42 ,1163691,$540.67 ,$547.12 ,$535.98 
7/19/2024,$534.35 ,1667269,$541.15 ,$542.23 ,$531.48 
7/18/2024,$540.62 ,1744967,$551.69 ,$557.16 ,$537.77 
7/17/2024,$555.06 ,1131158,$553.00 ,$559.96 ,$550.85 
7/16/2024,$555.42 ,1122114,$549.24 ,$555.78 ,$547.72 
7/15/2024,$544.68 ,1326049,$546.59 ,$549.68 ,$542.99 
7/12/2024,$548.09 ,945210,$542.69 ,$551.66 ,$540.86 
7/11/2024,$542.69 ,1403938,$539.76 ,$548.63 ,$537.87 
7/10/2024,$536.87 ,1976237,$533.25 ,$537.00 ,$528.82 
7/9/2024,$531.86 ,1567536,$538.09 ,$538.33 ,$528.37 
7/8/2024,$536.29 ,1140129,$541.45 ,$543.02 ,$535.43 
7/5/2024,$540.10 ,1233257,$538.65 ,$540.17 ,$533.85 
7/3/2024,$535.61 ,908266,$533.00 ,$539.81 ,$532.44 
7/2/2024,$533.93 ,1316367,$539.31 ,$541.59 ,$533.46 
7/1/2024,$541.72 ,1459439,$553.45 ,$557.57 ,$539.40 
6/28/2024,$553.00 ,6150885,$552.93 ,$558.27 ,$545.63 
6/27/2024,$550.78 ,1506859,$556.72 ,$558.26 ,$549.23 
6/26/2024,$558.17 ,1091353,$556.80 ,$561.38 ,$554.84 
6/25/2024,$556.52 ,1943699,$564.84 ,$568.34 ,$556.19 
6/24/2024,$565.95 ,1557605,$565.61 ,$571.51 ,$562.32 
6/21/2024,$564.60 ,3198558,$558.71 ,$568.59 ,$558.11 
6/20/2024,$557.21 ,3071545,$560.85 ,$560.85 ,$551.71 
6/18/2024,$569.17 ,1398080,$569.56 ,$572.04 ,$564.62 
6/17/2024,$568.00 ,1318499,$566.45 ,$569.31 ,$563.75 
6/14/2024,$572.05 ,1413701,$572.86 ,$573.10 ,$566.74 
6/13/2024,$572.63 ,1304701,$573.36 ,$574.63 ,$565.00 
6/12/2024,$575.69 ,1397925,$579.26 ,$581.97 ,$574.60 
6/11/2024,$575.89 ,1407737,$578.95 ,$580.00 ,$573.91 
6/10/2024,$581.48 ,1540561,$580.00 ,$582.28 ,$575.86 
6/7/2024,$581.09 ,1231957,$579.51 ,$585.95 ,$577.09 
6/6/2024,$579.84 ,1153843,$575.29 ,$581.67 ,$571.94 
6/5/2024,$575.28 ,896124,$569.85 ,$575.58 ,$566.72 
6/4/2024,$569.67 ,994975,$570.79 ,$573.75 ,$565.24 
6/3/2024,$569.58 ,943688,$569.39 ,$573.63 ,$563.01 
5/31/2024,$567.98 ,2106711,$564.59 ,$568.58 ,$560.40 
5/30/2024,$562.76 ,2431317,$551.53 ,$563.97 ,$550.33 
5/29/2024,$567.30 ,1324775,$570.11 ,$570.11 ,$563.67 
5/28/2024,$572.57 ,1435576,$581.67 ,$581.97 ,$569.17 
5/24/2024,$584.05 ,883271,$586.00 ,$587.96 ,$581.35 
5/23/2024,$585.03 ,1184975,$590.00 ,$592.00 ,$584.16 
5/22/2024,$590.80 ,872991,$589.67 ,$596.63 ,$587.62 
5/21/2024,$590.12 ,1133164,$594.00 ,$594.00 ,$585.32 
5/20/2024,$594.01 ,805710,$593.63 ,$597.24 ,$592.75 
5/17/2024,$595.30 ,1398449,$596.95 ,$597.10 ,$589.36 
5/16/2024,$597.15 ,1409375,$598.25 ,$600.09 ,$593.28 
5/15/2024,$599.02 ,1188732,$600.00 ,$602.00 ,$595.03 
5/14/2024,$594.80 ,1040938,$591.16 ,$597.18 ,$586.65 
5/13/2024,$590.70 ,944626,$591.27 ,$594.53 ,$588.95 
5/10/2024,$593.03 ,1328832,$580.17 ,$594.03 ,$578.81 
5/9/2024,$577.93 ,1513316,$574.23 ,$579.07 ,$572.50 
5/8/2024,$573.64 ,1598138,$572.71 ,$575.35 ,$567.71 
5/7/2024,$572.87 ,1890726,$571.50 ,$576.59 ,$565.34 
5/6/2024,$573.55 ,1140684,$575.41 ,$576.39 ,$570.35 
5/3/2024,$572.38 ,1749670,$579.84 ,$579.84 ,$571.63 
5/2/2024,$571.25 ,1357370,$579.48 ,$579.80 ,$565.49 
5/1/2024,$574.99 ,1171977,$569.86 ,$581.90 ,$568.40 
4/30/2024,$568.72 ,1515137,$574.70 ,$576.46 ,$567.97 
4/29/2024,$576.89 ,962351,$575.09 ,$579.49 ,$571.30 
4/26/2024,$573.60 ,1438184,$567.94 ,$575.00 ,$566.95 
4/25/2024,$571.73 ,1184004,$577.40 ,$577.99 ,$569.98 
4/24/2024,$577.39 ,2035044,$578.00 ,$586.46 ,$565.23 
4/23/2024,$574.59 ,2543991,$567.51 ,$576.89 ,$560.00 
4/22/2024,$548.38 ,1522884,$549.15 ,$552.86 ,$543.15 
4/19/2024,$544.78 ,1738509,$542.95 ,$546.14 ,$539.17 
4/18/2024,$541.52 ,2075785,$534.80 ,$544.87 ,$529.64 
4/17/2024,$547.25 ,1610057,$555.86 ,$556.00 ,$546.45 
4/16/2024,$554.55 ,1010299,$559.04 ,$559.04 ,$552.69 
4/15/2024,$557.87 ,1031658,$570.72 ,$570.72 ,$554.51 
4/12/2024,$565.23 ,1201602,$570.91 ,$573.39 ,$561.64 
4/11/2024,$574.57 ,1295511,$579.56 ,$580.36 ,$571.36 
4/10/2024,$573.71 ,1282843,$577.29 ,$579.68 ,$571.89 
4/9/2024,$589.20 ,1026320,$583.78 ,$589.93 ,$583.23 
4/8/2024,$578.80 ,998949,$579.35 ,$582.41 ,$575.71 
4/5/2024,$579.46 ,1181253,$570.22 ,$583.84 ,$569.06 
4/4/2024,$570.61 ,1231899,$580.41 ,$582.00 ,$568.57 
4/3/2024,$576.00 ,1151569,$571.23 ,$578.25 ,$569.19 
4/2/2024,$571.56 ,1381269,$570.75 ,$572.39 ,$565.78 
4/1/2024,$577.45 ,837591,$581.05 ,$581.53 ,$572.84 
3/28/2024,$581.21 ,1081545,$579.30 ,$582.30 ,$576.19 
3/27/2024,$579.37 ,1525832,$572.52 ,$579.77 ,$571.08 
3/26/2024,$568.82 ,1784927,$574.01 ,$574.99 ,$567.84 
3/25/2024,$573.56 ,1226909,$583.21 ,$585.03 ,$571.09 
3/22/2024,$583.09 ,1061222,$586.82 ,$588.99 ,$579.74 
3/21/2024,$584.13 ,1230529,$580.00 ,$587.08 ,$577.60 
3/20/2024,$580.05 ,728710,$581.05 ,$581.63 ,$576.29 
3/19/2024,$582.72 ,1053626,$581.28 ,$584.25 ,$577.20 
3/18/2024,$580.05 ,1554424,$585.86 ,$586.85 ,$578.30 
3/15/2024,$584.15 ,1920147,$575.17 ,$584.65 ,$573.73 
3/14/2024,$584.91 ,1757994,$590.98 ,$595.10 ,$581.25 
3/13/2024,$593.32 ,1035189,$599.03 ,$599.03 ,$591.05 
3/12/2024,$597.25 ,1146315,$598.90 ,$600.62 ,$594.69 
3/11/2024,$599.43 ,1380447,$594.18 ,$599.99 ,$589.64 
3/8/2024,$597.61 ,1600305,$597.00 ,$603.82 ,$595.96 
3/7/2024,$597.66 ,1819492,$595.00 ,$598.91 ,$592.50 
3/6/2024,$591.50 ,1886807,$588.35 ,$598.35 ,$585.81 
3/5/2024,$584.61 ,1973288,$581.13 ,$586.15 ,$580.00 
3/4/2024,$581.64 ,1547722,$575.40 ,$582.54 ,$571.52 
3/1/2024,$576.33 ,1440176,$564.56 ,$578.50 ,$563.00 
2/29/2024,$570.18 ,1794277,$574.65 ,$575.00 ,$567.55 
2/28/2024,$572.03 ,1021434,$565.20 ,$573.01 ,$565.02 
2/27/2024,$566.17 ,901044,$564.98 ,$567.82 ,$560.84 
2/26/2024,$563.48 ,758574,$563.34 ,$565.99 ,$561.01 
2/23/2024,$564.71 ,970071,$562.87 ,$566.68 ,$560.86 
2/22/2024,$560.49 ,1139590,$555.00 ,$560.74 ,$550.27 
2/21/2024,$552.85 ,786478,$546.11 ,$552.97 ,$544.29 
2/20/2024,$548.14 ,989294,$544.86 ,$550.41 ,$542.35 
2/16/2024,$547.84 ,1028206,$546.32 ,$552.69 ,$546.32 
2/15/2024,$548.57 ,1519047,$547.26 ,$553.23 ,$545.28 
2/14/2024,$548.27 ,1296996,$541.64 ,$548.69 ,$541.64 
2/13/2024,$538.60 ,1268029,$541.42 ,$546.19 ,$534.41 
2/12/2024,$546.86 ,1073036,$551.00 ,$551.00 ,$544.11 
2/9/2024,$550.75 ,1280838,$549.65 ,$554.13 ,$548.29 
2/8/2024,$550.89 ,1549469,$552.20 ,$552.86 ,$541.46 
2/7/2024,$552.31 ,1451424,$562.00 ,$566.00 ,$552.03 
2/6/2024,$560.28 ,1328171,$552.49 ,$560.50 ,$551.45 
2/5/2024,$551.62 ,1473858,$549.46 ,$556.98 ,$546.67 
2/2/2024,$551.82 ,1327462,$549.02 ,$554.45 ,$541.89 
2/1/2024,$552.23 ,2163879,$542.14 ,$553.92 ,$534.24 
1/31/2024,$538.98 ,3589573,$563.30 ,$566.00 ,$537.78 
1/30/2024,$567.12 ,2301337,$559.50 ,$570.00 ,$559.50 
1/29/2024,$557.77 ,2445913,$550.00 ,$559.19 ,$547.36 
1/26/2024,$547.33 ,3172314,$554.00 ,$556.41 ,$546.65 
1/25/2024,$538.21 ,1748147,$543.23 ,$547.78 ,$537.64 
1/24/2024,$539.99 ,1842524,$549.85 ,$551.99 ,$539.14 
1/23/2024,$550.74 ,1116609,$556.20 ,$557.03 ,$545.37 
1/22/2024,$553.39 ,1818531,$552.88 ,$558.69 ,$550.53 
1/19/2024,$551.75 ,2123960,$545.16 ,$553.28 ,$541.84 
1/18/2024,$544.42 ,1728161,$537.35 ,$547.03 ,$535.99 
1/17/2024,$539.25 ,1966276,$538.75 ,$545.95 ,$536.84 
1/16/2024,$542.00 ,1838961,$543.51 ,$550.84 ,$541.19 
1/12/2024,$544.32 ,2013148,$548.51 ,$553.08 ,$542.79 
1/11/2024,$546.00 ,1983133,$543.53 ,$548.54 ,$540.41 
1/10/2024,$543.93 ,2026699,$540.79 ,$549.36 ,$533.88 
1/9/2024,$541.85 ,2889967,$538.52 ,$559.23 ,$536.65 
1/8/2024,$541.38 ,2126866,$529.63 ,$543.56 ,$527.40 
1/5/2024,$531.23 ,1817209,$533.97 ,$540.77 ,$530.47 
1/4/2024,$537.36 ,1831255,$527.32 ,$539.84 ,$527.32 
1/3/2024,$528.82 ,2170268,$542.81 ,$543.67 ,$527.97 
1/2/2024,$544.15 ,2310861,$529.56 ,$546.10 ,$527.37 
12/29/2023,$530.79 ,804285,$531.21 ,$533.97 ,$529.52 
12/28/2023,$532.94 ,763369,$533.00 ,$536.00 ,$531.50 
12/27/2023,$531.65 ,805991,$530.81 ,$533.07 ,$529.30 
12/26/2023,$529.70 ,639110,$526.88 ,$531.24 ,$525.78 
12/22/2023,$529.05 ,1081485,$528.09 ,$532.92 ,$526.90 
12/21/2023,$526.56 ,1016630,$518.07 ,$527.03 ,$518.07 
12/20/2023,$519.43 ,1497316,$528.00 ,$532.49 ,$519.37 
12/19/2023,$528.14 ,2569382,$521.01 ,$528.86 ,$519.81 
12/18/2023,$518.62 ,1607374,$521.13 ,$523.86 ,$515.60 
12/15/2023,$518.03 ,4354941,$520.77 ,$523.48 ,$517.72 
12/14/2023,$521.52 ,2763855,$529.54 ,$534.43 ,$520.13 
12/13/2023,$518.54 ,2776711,$498.59 ,$518.87 ,$496.88 
12/12/2023,$497.37 ,1420265,$496.33 ,$498.51 ,$491.47 
12/11/2023,$494.99 ,2030858,$492.56 ,$497.45 ,$491.33 
12/8/2023,$489.77 ,1871843,$492.81 ,$495.68 ,$488.02 
12/7/2023,$494.10 ,2101760,$494.53 ,$498.30 ,$492.31 
12/6/2023,$493.81 ,1241717,$495.00 ,$496.68 ,$491.65 
12/5/2023,$491.60 ,1613574,$492.97 ,$493.63 ,$487.06 
12/4/2023,$495.34 ,1222282,$493.47 ,$498.31 ,$490.36 
12/1/2023,$496.13 ,1219795,$490.88 ,$499.20 ,$489.60 
11/30/2023,$495.76 ,1913969,$495.90 ,$497.50 ,$489.38 
11/29/2023,$492.92 ,1195835,$489.89 ,$495.80 ,$489.89 
11/28/2023,$485.92 ,1549615,$488.42 ,$488.75 ,$480.57 
11/27/2023,$490.13 ,2427137,$489.22 ,$493.42 ,$488.15 
11/24/2023,$490.78 ,722765,$488.50 ,$491.03 ,$486.81 
11/22/2023,$487.53 ,1464197,$486.08 ,$490.57 ,$485.71 
11/21/2023,$482.39 ,2915929,$478.28 ,$490.32 ,$476.45 
11/20/2023,$469.03 ,1185500,$467.03 ,$471.68 ,$465.90 
11/17/2023,$466.42 ,1556348,$475.00 ,$475.00 ,$464.17 
11/16/2023,$472.47 ,1613376,$472.06 ,$474.70 ,$468.71 
11/15/2023,$470.54 ,2184150,$464.66 ,$474.83 ,$463.99 
11/14/2023,$459.26 ,1822439,$456.81 ,$462.24 ,$455.22 
11/13/2023,$445.15 ,1675026,$445.53 ,$446.81 ,$439.11 
11/10/2023,$448.43 ,1896503,$443.82 ,$449.16 ,$437.26 
11/9/2023,$444.27 ,2042364,$458.54 ,$458.84 ,$443.06 
11/8/2023,$454.31 ,1848087,$461.51 ,$464.01 ,$453.08 
11/7/2023,$459.24 ,1708717,$453.88 ,$463.85 ,$452.11 
11/6/2023,$455.02 ,1613790,$456.70 ,$459.48 ,$452.25 
11/3/2023,$454.74 ,1921821,$454.69 ,$460.57 ,$451.60 
11/2/2023,$447.57 ,1713889,$444.84 ,$448.14 ,$441.93 
11/1/2023,$441.11 ,2275452,$445.13 ,$445.13 ,$434.00 
10/31/2023,$444.77 ,2895407,$436.49 ,$446.60 ,$433.15 
10/30/2023,$434.11 ,2946678,$432.18 ,$435.35 ,$420.21 
10/27/2023,$431.41 ,2495581,$439.57 ,$439.96 ,$427.37 
10/26/2023,$440.16 ,2971270,$431.13 ,$445.33 ,$429.18 
10/25/2023,$433.18 ,7906724,$423.00 ,$438.84 ,$415.60 
10/24/2023,$458.26 ,2376743,$451.93 ,$458.85 ,$447.14 
10/23/2023,$461.81 ,1897513,$461.75 ,$469.47 ,$459.98 
10/20/2023,$464.36 ,1599333,$469.51 ,$471.20 ,$463.25 
10/19/2023,$469.67 ,2014566,$472.30 ,$476.70 ,$467.43 
10/18/2023,$467.26 ,2134778,$480.98 ,$480.98 ,$466.87 
10/17/2023,$484.77 ,1355251,$479.00 ,$489.96 ,$477.70 
10/16/2023,$488.54 ,1247706,$482.85 ,$492.05 ,$480.28 
10/13/2023,$482.85 ,2004342,$479.63 ,$484.27 ,$476.00 
10/12/2023,$482.56 ,2026200,$491.84 ,$495.86 ,$470.61 
10/11/2023,$492.63 ,1207083,$497.22 ,$498.63 ,$491.79 
10/10/2023,$496.15 ,1304863,$495.59 ,$499.54 ,$492.93 
10/9/2023,$496.13 ,1182473,$495.00 ,$497.66 ,$490.39 
10/6/2023,$498.55 ,1108436,$495.82 ,$502.16 ,$493.07 
10/5/2023,$498.02 ,917531,$497.39 ,$500.44 ,$492.70 
10/4/2023,$502.45 ,1022088,$501.21 ,$503.19 ,$495.84 
10/3/2023,$499.61 ,1559463,$492.90 ,$502.50 ,$492.60 
10/2/2023,$495.79 ,1652154,$503.08 ,$506.99 ,$490.68 
9/29/2023,$506.17 ,1380512,$509.21 ,$510.99 ,$504.77 
9/28/2023,$503.02 ,1443330,$502.05 ,$507.40 ,$500.34 
9/27/2023,$498.29 ,1343945,$502.62 ,$504.57 ,$494.92 
9/26/2023,$501.59 ,1189979,$503.00 ,$506.44 ,$500.84 
9/25/2023,$505.66 ,961531,$501.23 ,$506.04 ,$500.36 
9/22/2023,$502.79 ,1197981,$502.90 ,$507.16 ,$501.57 
9/21/2023,$501.59 ,1606924,$502.43 ,$503.81 ,$499.56 
9/20/2023,$504.89 ,1271290,$511.37 ,$511.92 ,$504.16 
9/19/2023,$508.74 ,1181120,$505.22 ,$509.41 ,$503.31 
9/18/2023,$507.73 ,1300115,$515.51 ,$515.51 ,$507.30 
9/15/2023,$515.53 ,5179741,$515.64 ,$534.19 ,$509.31 
9/14/2023,$515.64 ,1598277,$515.13 ,$518.22 ,$506.54 
9/13/2023,$510.90 ,2359119,$499.19 ,$526.32 ,$498.01 
9/12/2023,$510.99 ,1568002,$515.00 ,$515.00 ,$509.36 
9/11/2023,$514.94 ,1556082,$515.41 ,$517.62 ,$512.84 
9/8/2023,$518.27 ,1834895,$530.00 ,$532.66 ,$512.78 
9/7/2023,$531.66 ,1079215,$535.24 ,$538.73 ,$530.68 
9/6/2023,$536.70 ,1217931,$540.92 ,$545.44 ,$536.00 
9/5/2023,$542.01 ,1405059,$559.28 ,$559.69 ,$541.70 
9/1/2023,$557.22 ,1015534,$563.45 ,$565.86 ,$556.82 
8/31/2023,$557.10 ,1192123,$560.40 ,$563.69 ,$556.95 
8/30/2023,$559.00 ,773492,$557.77 ,$562.94 ,$554.74 
8/29/2023,$555.41 ,1291437,$546.24 ,$557.47 ,$544.96 
8/28/2023,$545.19 ,642693,$544.32 ,$546.63 ,$540.53 
8/25/2023,$541.59 ,749931,$538.79 ,$544.05 ,$535.96 
8/24/2023,$538.01 ,1326207,$545.20 ,$549.62 ,$537.92 
8/23/2023,$545.24 ,1769169,$541.31 ,$547.65 ,$538.18 
8/22/2023,$527.05 ,960669,$531.00 ,$533.30 ,$526.35 
8/21/2023,$532.26 ,903824,$536.56 ,$536.56 ,$530.35 
8/18/2023,$532.38 ,1093699,$533.14 ,$535.88 ,$528.14 
8/17/2023,$535.96 ,1256993,$530.85 ,$538.24 ,$529.86 
8/16/2023,$528.87 ,980750,$530.09 ,$531.14 ,$526.75 
8/15/2023,$534.43 ,894726,$535.82 ,$538.97 ,$532.14 
8/14/2023,$540.34 ,1068415,$540.75 ,$542.30 ,$538.35 
8/11/2023,$543.78 ,925104,$543.00 ,$547.29 ,$540.89 
8/10/2023,$547.28 ,1168400,$550.37 ,$556.77 ,$545.59 
8/9/2023,$547.58 ,947071,$554.77 ,$556.39 ,$547.37 
8/8/2023,$555.78 ,1002115,$553.17 ,$556.90 ,$545.61 
8/7/2023,$551.79 ,737336,$550.00 ,$554.50 ,$546.86 
8/4/2023,$548.64 ,1102278,$547.51 ,$554.99 ,$546.77 
8/3/2023,$548.38 ,1103160,$550.29 ,$552.71 ,$545.31 
8/2/2023,$553.76 ,1398777,$543.90 ,$555.89 ,$542.61 
8/1/2023,$545.84 ,1517491,$546.53 ,$550.70 ,$542.66 
7/31/2023,$548.66 ,2144919,$557.42 ,$557.69 ,$546.42 
7/28/2023,$561.85 ,1642886,$562.41 ,$565.69 ,$553.77 
7/27/2023,$560.02 ,2260868,$575.40 ,$577.40 ,$559.38 
7/26/2023,$574.41 ,3559345,$554.96 ,$575.00 ,$554.96 
7/25/2023,$570.91 ,3073887,$555.48 ,$580.09 ,$554.30 
7/24/2023,$571.52 ,3196802,$560.00 ,$572.56 ,$559.12 
7/21/2023,$562.19 ,2755764,$538.66 ,$564.72 ,$530.89 
7/20/2023,$538.27 ,1147498,$537.33 ,$541.59 ,$530.46 
7/19/2023,$535.55 ,1715511,$526.99 ,$539.42 ,$526.95 
7/18/2023,$523.68 ,1461202,$525.53 ,$525.79 ,$519.72 
7/17/2023,$525.26 ,1290810,$526.32 ,$527.13 ,$519.26 
7/14/2023,$529.36 ,953034,$529.67 ,$531.93 ,$525.31 
7/13/2023,$526.65 ,1364357,$535.00 ,$536.45 ,$524.03 
7/12/2023,$525.92 ,1678435,$525.71 ,$529.53 ,$523.99 
7/11/2023,$519.26 ,1310932,$516.30 ,$520.13 ,$515.27 
7/10/2023,$516.85 ,1026605,$512.49 ,$518.92 ,$511.19 
7/7/2023,$513.73 ,1020679,$515.00 ,$519.46 ,$513.31 
7/6/2023,$517.32 ,1506434,$514.79 ,$519.07 ,$509.02 
7/5/2023,$520.60 ,1432832,$520.23 ,$523.56 ,$518.14 
7/3/2023,$519.11 ,616164,$519.34 ,$521.26 ,$515.36 
6/30/2023,$521.75 ,1315484,$516.48 ,$523.61 ,$515.94 
6/29/2023,$514.39 ,999222,$510.00 ,$515.15 ,$506.08 
6/28/2023,$510.15 ,1395252,$511.40 ,$511.41 ,$506.65 
6/27/2023,$509.62 ,2036170,$520.34 ,$522.31 ,$503.31 
6/26/2023,$522.03 ,956913,$523.02 ,$526.18 ,$515.88 
6/23/2023,$524.21 ,3779928,$523.20 ,$529.72 ,$522.46 
6/22/2023,$528.31 ,945607,$526.15 ,$530.00 ,$521.45 
6/21/2023,$525.95 ,1617847,$524.99 ,$530.45 ,$522.76 
6/20/2023,$527.40 ,2115471,$512.00 ,$530.79 ,$507.15 
6/16/2023,$537.30 ,3427995,$538.72 ,$542.08 ,$533.40 
6/15/2023,$535.11 ,1723417,$520.16 ,$536.30 ,$518.92 
6/14/2023,$520.12 ,1996530,$527.83 ,$528.03 ,$518.66 
6/13/2023,$526.05 ,1328879,$525.48 ,$527.41 ,$523.02 
6/12/2023,$523.69 ,1246177,$519.99 ,$524.74 ,$516.67 
6/9/2023,$518.18 ,1041802,$517.96 ,$521.79 ,$514.63 
6/8/2023,$515.25 ,1580511,$520.65 ,$522.75 ,$515.16 
6/7/2023,$520.78 ,1649452,$514.53 ,$523.21 ,$512.60 
6/6/2023,$516.26 ,1723023,$522.00 ,$523.19 ,$512.70 
6/5/2023,$518.58 ,1477444,$524.06 ,$524.46 ,$513.42 
6/2/2023,$520.14 ,2564327,$524.58 ,$527.16 ,$518.67 
6/1/2023,$519.38 ,1830129,$513.13 ,$521.65 ,$508.51 
5/31/2023,$508.46 ,4052168,$513.67 ,$513.67 ,$501.66 
5/30/2023,$514.22 ,1793841,$523.82 ,$526.44 ,$513.11 
5/26/2023,$522.02 ,1603685,$527.68 ,$532.71 ,$521.82 
5/25/2023,$520.64 ,2262230,$513.97 ,$522.31 ,$510.30 
5/24/2023,$510.72 ,2482840,$510.00 ,$514.50 ,$498.50 
5/23/2023,$525.10 ,1629490,$526.35 ,$529.30 ,$519.71 
5/22/2023,$529.02 ,1160987,$527.42 ,$534.64 ,$527.36 
5/19/2023,$527.38 ,1313290,$523.04 ,$531.74 ,$522.67 
5/18/2023,$523.54 ,1073305,$520.79 ,$524.64 ,$518.66 
5/17/2023,$521.67 ,1284655,$522.36 ,$527.38 ,$512.93 
5/16/2023,$519.75 ,903521,$521.26 ,$522.70 ,$519.17 
5/15/2023,$523.68 ,1383771,$524.25 ,$525.28 ,$520.14 
5/12/2023,$524.65 ,1518187,$531.75 ,$534.97 ,$521.44 
5/11/2023,$529.79 ,2326346,$532.09 ,$535.74 ,$525.06 
5/10/2023,$533.50 ,1586150,$539.39 ,$539.93 ,$530.00 
5/9/2023,$534.66 ,1225176,$535.04 ,$537.47 ,$529.22 
5/8/2023,$542.58 ,1029103,$549.45 ,$550.00 ,$541.09 
5/5/2023,$546.38 ,962425,$553.06 ,$554.40 ,$541.92 
5/4/2023,$545.64 ,1243493,$552.60 ,$553.90 ,$542.72 
5/3/2023,$550.42 ,1430255,$550.05 ,$558.20 ,$549.24 
5/2/2023,$543.82 ,1060980,$544.85 ,$551.51 ,$540.93 
5/1/2023,$548.50 ,1979848,$555.99 ,$556.81 ,$545.31 
4/28/2023,$554.90 ,2046904,$543.32 ,$559.20 ,$543.32 
4/27/2023,$543.02 ,2148400,$533.50 ,$545.67 ,$531.58 
4/26/2023,$533.13 ,4020124,$528.00 ,$543.38 ,$517.22 
4/25/2023,$548.38 ,2495509,$564.15 ,$566.50 ,$545.50 
4/24/2023,$574.30 ,895100,$571.52 ,$576.45 ,$570.00 
4/21/2023,$571.68 ,959179,$568.87 ,$572.99 ,$566.83 
4/20/2023,$565.93 ,2100877,$566.00 ,$567.84 ,$560.36 
4/19/2023,$579.92 ,1409401,$575.79 ,$580.72 ,$571.33 
4/18/2023,$584.86 ,1158657,$593.17 ,$593.17 ,$584.68 
4/17/2023,$588.60 ,783525,$590.14 ,$590.39 ,$584.24 
4/14/2023,$588.84 ,834872,$586.40 ,$589.54 ,$582.01 
4/13/2023,$591.13 ,1102057,$585.26 ,$592.12 ,$582.00 
4/12/2023,$579.35 ,847811,$583.25 ,$586.65 ,$577.65 
4/11/2023,$576.38 ,1158819,$576.48 ,$581.55 ,$574.40 
4/10/2023,$574.36 ,672576,$572.73 ,$574.36 ,$565.29 
4/6/2023,$575.35 ,780743,$580.85 ,$581.78 ,$572.34 
4/5/2023,$579.86 ,1035629,$576.51 ,$580.10 ,$569.92 
4/4/2023,$576.18 ,1085578,$571.39 ,$580.24 ,$568.94 
4/3/2023,$570.07 ,1034443,$569.51 ,$573.11 ,$566.12 
3/31/2023,$576.37 ,1438708,$566.97 ,$576.68 ,$563.66 
3/30/2023,$562.97 ,1219932,$560.00 ,$564.28 ,$556.86 
3/29/2023,$555.15 ,1239558,$559.36 ,$560.57 ,$553.22 
3/28/2023,$554.23 ,828932,$559.99 ,$562.70 ,$550.94 
3/27/2023,$561.69 ,865620,$563.80 ,$568.17 ,$561.03 
3/24/2023,$558.26 ,1012596,$548.52 ,$558.66 ,$544.31 
3/23/2023,$555.19 ,951581,$557.98 ,$560.58 ,$550.38 
3/22/2023,$554.32 ,928425,$556.70 ,$568.00 ,$554.29 
3/21/2023,$556.70 ,1000091,$554.38 ,$558.79 ,$551.66 
3/20/2023,$550.57 ,897151,$546.76 ,$554.87 ,$545.58 
3/17/2023,$547.34 ,1947936,$555.31 ,$555.31 ,$543.96 
3/16/2023,$557.09 ,1135750,$539.77 ,$558.58 ,$539.77 
3/15/2023,$542.70 ,1918972,$547.17 ,$550.00 ,$534.48 
3/14/2023,$555.96 ,1409934,$550.55 ,$561.48 ,$545.00 
3/13/2023,$541.56 ,1405801,$543.49 ,$551.42 ,$538.05 
3/10/2023,$543.83 ,1081693,$551.87 ,$555.54 ,$539.95 
3/9/2023,$553.21 ,1013237,$556.15 ,$564.41 ,$550.97 
3/8/2023,$554.75 ,1453027,$548.28 ,$559.83 ,$545.53 
3/7/2023,$548.83 ,1012816,$560.81 ,$563.01 ,$548.14 
3/6/2023,$558.52 ,1163051,$559.51 ,$567.32 ,$555.32 
3/3/2023,$559.44 ,1153648,$555.46 ,$560.53 ,$549.63 
3/2/2023,$548.75 ,941197,$534.83 ,$550.88 ,$531.92 
3/1/2023,$538.52 ,1126064,$539.34 ,$542.62 ,$536.26 
2/28/2023,$541.76 ,1188776,$540.41 ,$545.23 ,$538.89 
2/27/2023,$541.35 ,1110674,$548.49 ,$554.42 ,$541.03 
2/24/2023,$542.79 ,852651,$544.61 ,$546.66 ,$539.17 
2/23/2023,$550.95 ,1160202,$553.37 ,$557.67 ,$546.90 
2/22/2023,$548.40 ,1705332,$550.00 ,$553.29 ,$544.71 
2/21/2023,$550.77 ,1395208,$548.65 ,$554.24 ,$544.13 
2/17/2023,$559.70 ,1182538,$552.92 ,$561.49 ,$552.90 
2/16/2023,$557.58 ,1173724,$556.12 ,$565.40 ,$551.30 
2/15/2023,$566.83 ,1038400,$568.46 ,$570.51 ,$562.77 
2/14/2023,$571.48 ,850083,$575.89 ,$579.10 ,$566.63 
2/13/2023,$575.00 ,997611,$574.67 ,$577.23 ,$569.01 
2/10/2023,$571.41 ,763748,$567.11 ,$571.71 ,$563.35 
2/9/2023,$568.93 ,960839,$582.66 ,$583.32 ,$567.70 
2/8/2023,$579.23 ,907230,$578.56 ,$585.09 ,$576.03 
2/7/2023,$583.15 ,1171111,$570.78 ,$586.34 ,$569.41 
2/6/2023,$576.17 ,1119499,$580.56 ,$583.83 ,$573.42 
2/3/2023,$587.76 ,1283169,$584.56 ,$592.84 ,$582.65 
2/2/2023,$587.07 ,2312502,$591.67 ,$595.17 ,$587.07 
2/1/2023,$587.36 ,2627510,$586.09 ,$597.54 ,$576.33 
1/31/2023,$570.33 ,1799823,$562.18 ,$570.63 ,$558.00 
1/30/2023,$564.29 ,1221470,$567.77 ,$570.87 ,$560.76 
1/27/2023,$573.63 ,1110087,$574.90 ,$577.51 ,$568.19 
1/26/2023,$577.37 ,1210777,$576.03 ,$578.52 ,$567.31 
1/25/2023,$575.32 ,1238280,$571.15 ,$576.02 ,$566.93 
1/24/2023,$580.72 ,2102585,$609.85 ,$609.85 ,$576.78 
1/23/2023,$604.82 ,2307203,$593.21 ,$609.22 ,$590.00 
1/20/2023,$593.66 ,2394671,$587.00 ,$595.35 ,$584.95 
1/19/2023,$583.86 ,1636049,$575.03 ,$587.16 ,$573.70 
1/18/2023,$580.05 ,1749738,$591.13 ,$596.85 ,$578.75 
1/17/2023,$587.86 ,2086351,$585.00 ,$591.30 ,$581.73 
1/13/2023,$583.84 ,2040491,$578.65 ,$584.86 ,$572.47 
1/12/2023,$581.54 ,1635220,$581.97 ,$586.53 ,$576.86 
1/11/2023,$582.56 ,2013480,$571.12 ,$584.91 ,$568.04 
1/10/2023,$568.03 ,2102843,$547.47 ,$572.63 ,$547.44 
1/9/2023,$546.09 ,1871201,$538.74 ,$552.95 ,$537.01 
1/6/2023,$535.00 ,2938188,$555.76 ,$555.76 ,$522.78 
1/5/2023,$556.94 ,2220048,$555.79 ,$564.32 ,$552.30 
1/4/2023,$561.92 ,1935921,$559.30 ,$567.81 ,$554.96 
1/3/2023,$553.18 ,1785799,$553.29 ,$556.10 ,$546.97 
12/30/2022,$550.69 ,686049,$552.80 ,$555.00 ,$545.25 
12/29/2022,$557.01 ,1027573,$548.61 ,$561.57 ,$546.14 
12/28/2022,$543.41 ,826814,$547.38 ,$553.03 ,$543.08 
12/27/2022,$545.44 ,1049978,$540.68 ,$548.84 ,$536.82 
12/23/2022,$540.68 ,621423,$537.98 ,$543.09 ,$535.33 
12/22/2022,$539.14 ,1104603,$534.72 ,$539.34 ,$527.71 
12/21/2022,$539.89 ,1208327,$531.46 ,$541.06 ,$529.48 
12/20/2022,$528.50 ,988730,$529.81 ,$530.93 ,$520.01 
12/19/2022,$530.17 ,1053405,$533.85 ,$534.94 ,$527.27 
12/16/2022,$536.44 ,2336388,$549.40 ,$550.83 ,$531.56 
12/15/2022,$553.79 ,1366941,$561.39 ,$561.64 ,$550.93 
12/14/2022,$567.23 ,2079930,$569.11 ,$576.15 ,$563.70 
12/13/2022,$571.38 ,1867428,$576.84 ,$584.71 ,$566.75 
12/12/2022,$567.60 ,1163017,$565.38 ,$568.87 ,$563.40 
12/9/2022,$560.23 ,1157154,$564.00 ,$571.10 ,$559.32 
12/8/2022,$567.95 ,1160352,$560.13 ,$569.01 ,$556.77 
12/7/2022,$558.14 ,952023,$550.44 ,$559.25 ,$550.44 
12/6/2022,$550.53 ,1969692,$552.44 ,$556.45 ,$545.80 
12/5/2022,$557.21 ,1824061,$555.86 ,$559.65 ,$551.95 
12/2/2022,$563.00 ,1014453,$553.54 ,$564.80 ,$550.28 
12/1/2022,$564.56 ,1423923,$567.65 ,$569.33 ,$554.44 
11/30/2022,$560.22 ,3132207,$541.31 ,$561.98 ,$539.86 
11/29/2022,$539.75 ,1195573,$535.46 ,$540.39 ,$530.58 
11/28/2022,$540.03 ,1822681,$543.30 ,$550.00 ,$538.16 
11/25/2022,$551.25 ,549168,$550.49 ,$554.46 ,$547.37 
11/23/2022,$547.29 ,823632,$545.66 ,$552.82 ,$543.00 
11/22/2022,$544.75 ,1503608,$541.01 ,$545.45 ,$537.64 
11/21/2022,$536.28 ,1329674,$532.78 ,$540.00 ,$532.54 
11/18/2022,$535.24 ,1228403,$541.31 ,$543.16 ,$529.38 
11/17/2022,$529.89 ,1281834,$529.22 ,$531.36 ,$519.04 
11/16/2022,$536.01 ,1133773,$546.00 ,$548.18 ,$531.22 
11/15/2022,$546.09 ,1531443,$543.79 ,$552.88 ,$540.48 
11/14/2022,$534.77 ,1458457,$540.57 ,$542.19 ,$534.18 
11/11/2022,$538.68 ,2422502,$526.86 ,$545.46 ,$526.62 
11/10/2022,$520.58 ,1937593,$507.02 ,$520.67 ,$506.24 
11/9/2022,$484.71 ,1061052,$491.48 ,$495.95 ,$483.73 
11/8/2022,$492.17 ,2003160,$494.26 ,$500.73 ,$487.80 
11/7/2022,$492.10 ,1341068,$499.00 ,$500.09 ,$489.70 
11/4/2022,$495.55 ,1772251,$493.27 ,$495.70 ,$483.83 
11/3/2022,$486.94 ,1471565,$484.11 ,$490.83 ,$475.77 
11/2/2022,$490.98 ,1803526,$516.00 ,$516.00 ,$490.13 
11/1/2022,$517.69 ,2112108,$516.54 ,$525.96 ,$513.00 
10/31/2022,$513.97 ,2875172,$500.39 ,$516.47 ,$500.39 
10/28/2022,$503.84 ,2017144,$501.25 ,$508.47 ,$499.62 
10/27/2022,$498.32 ,2334800,$498.65 ,$507.41 ,$490.12 
10/26/2022,$503.00 ,2446855,$500.00 ,$517.59 ,$495.21 
10/25/2022,$514.62 ,2382787,$507.65 ,$517.64 ,$504.70 
10/24/2022,$505.01 ,1818914,$499.73 ,$509.24 ,$495.75 
10/21/2022,$496.74 ,2836880,$486.16 ,$496.94 ,$478.31 
10/20/2022,$486.86 ,3267303,$498.75 ,$502.17 ,$485.56 
10/19/2022,$505.61 ,1947943,$514.00 ,$515.81 ,$498.67 
10/18/2022,$524.40 ,970375,$530.78 ,$532.71 ,$521.30 
10/17/2022,$517.23 ,1071159,$510.33 ,$521.19 ,$509.29 
10/14/2022,$503.05 ,1267466,$514.08 ,$517.41 ,$502.14 
10/13/2022,$510.54 ,1737592,$489.18 ,$514.77 ,$488.26 
10/12/2022,$500.67 ,1098946,$502.41 ,$504.10 ,$498.42 
10/11/2022,$500.81 ,1667226,$507.01 ,$507.72 ,$496.77 
10/10/2022,$510.84 ,947953,$524.09 ,$524.09 ,$509.94 
10/7/2022,$523.61 ,976754,$535.00 ,$535.80 ,$520.90 
10/6/2022,$540.59 ,971674,$544.34 ,$546.31 ,$537.21 
10/5/2022,$546.27 ,1167351,$535.80 ,$548.93 ,$534.00 
10/4/2022,$539.93 ,1195328,$530.72 ,$541.63 ,$529.29 
10/3/2022,$522.93 ,2462887,$512.81 ,$526.88 ,$509.63 
9/30/2022,$507.19 ,1697206,$514.80 ,$521.59 ,$506.74 
9/29/2022,$516.61 ,1074654,$514.91 ,$518.03 ,$512.43 
9/28/2022,$517.83 ,1866738,$510.68 ,$521.21 ,$507.57 
9/27/2022,$508.66 ,1166560,$517.19 ,$518.20 ,$505.58 
9/26/2022,$514.31 ,991911,$516.14 ,$520.97 ,$511.39 
9/23/2022,$520.79 ,1366309,$516.35 ,$521.52 ,$513.04 
9/22/2022,$520.29 ,1137455,$522.01 ,$526.96 ,$518.57 
9/21/2022,$525.69 ,1268967,$533.12 ,$540.21 ,$524.20 
9/20/2022,$532.16 ,1053837,$533.22 ,$535.49 ,$528.51 
9/19/2022,$539.67 ,1072488,$535.75 ,$540.01 ,$531.16 
9/16/2022,$541.28 ,1835644,$547.65 ,$548.00 ,$536.44 
9/15/2022,$551.98 ,890450,$560.00 ,$560.96 ,$550.25 
9/14/2022,$558.13 ,1139399,$562.62 ,$570.34 ,$552.62 
9/13/2022,$559.82 ,1642870,$565.00 ,$569.40 ,$557.21 
9/12/2022,$579.19 ,1097185,$569.25 ,$580.13 ,$567.47 
9/9/2022,$569.40 ,1147647,$566.39 ,$572.32 ,$565.93 
9/8/2022,$566.56 ,1854878,$549.90 ,$567.18 ,$547.29 
9/7/2022,$551.72 ,1139781,$543.40 ,$554.29 ,$541.77 
9/6/2022,$545.15 ,1043283,$547.26 ,$553.14 ,$541.68 
9/2/2022,$543.55 ,796922,$553.77 ,$557.87 ,$541.57 
9/1/2022,$550.75 ,913948,$542.44 ,$550.98 ,$541.55 
8/31/2022,$545.32 ,1166574,$556.17 ,$559.14 ,$544.32 
8/30/2022,$554.29 ,1058269,$557.42 ,$558.90 ,$550.49 
8/29/2022,$556.69 ,704491,$561.11 ,$562.11 ,$555.35 
8/26/2022,$563.71 ,771965,$584.00 ,$585.25 ,$563.51 
8/25/2022,$585.47 ,928010,$578.35 ,$586.09 ,$573.11 
8/24/2022,$573.15 ,855321,$572.98 ,$576.19 ,$570.98 
8/23/2022,$572.97 ,913476,$571.97 ,$576.50 ,$567.66 
8/22/2022,$576.11 ,723141,$580.70 ,$584.14 ,$574.53 
8/19/2022,$588.55 ,851089,$591.44 ,$593.26 ,$585.98 
8/18/2022,$595.01 ,761023,$598.11 ,$598.71 ,$589.27 
8/17/2022,$596.04 ,989350,$596.96 ,$600.65 ,$594.58 
8/16/2022,$602.11 ,797954,$600.00 ,$603.91 ,$597.86 
8/15/2022,$604.49 ,855529,$603.00 ,$606.16 ,$599.15 
8/12/2022,$603.21 ,988996,$594.56 ,$604.04 ,$592.46 
8/11/2022,$592.54 ,1086761,$595.07 ,$599.80 ,$592.17 
8/10/2022,$592.35 ,991904,$589.18 ,$592.76 ,$583.92 
8/9/2022,$580.87 ,767966,$583.95 ,$586.04 ,$576.04 
8/8/2022,$583.95 ,921614,$590.80 ,$593.30 ,$582.49 
8/5/2022,$590.26 ,982467,$585.28 ,$590.67 ,$581.07 
8/4/2022,$590.00 ,999578,$590.83 ,$593.00 ,$583.56 
8/3/2022,$587.98 ,1077732,$590.34 ,$593.65 ,$583.91 
8/2/2022,$586.04 ,1392728,$587.30 ,$594.87 ,$583.25 
8/1/2022,$589.55 ,1537845,$594.11 ,$598.84 ,$588.33 
7/29/2022,$598.41 ,2371300,$602.97 ,$611.06 ,$597.87 
7/28/2022,$597.64 ,2294709,$589.95 ,$603.00 ,$573.31 
7/27/2022,$581.93 ,1263888,$573.01 ,$585.36 ,$567.00 
7/26/2022,$573.27 ,1012788,$569.45 ,$573.57 ,$566.52 
7/25/2022,$567.44 ,1194368,$560.52 ,$568.37 ,$554.21 
7/22/2022,$561.54 ,1252482,$573.48 ,$576.68 ,$558.61 
7/21/2022,$575.00 ,2150269,$555.55 ,$575.17 ,$555.55 
7/20/2022,$538.65 ,921689,$540.00 ,$548.37 ,$537.26 
7/19/2022,$536.87 ,1993749,$528.57 ,$537.66 ,$523.96 
7/18/2022,$520.76 ,1317675,$538.85 ,$540.00 ,$517.30 
7/15/2022,$538.87 ,1672982,$533.53 ,$540.31 ,$527.30 
7/14/2022,$525.63 ,1338653,$517.11 ,$526.38 ,$510.37 
7/13/2022,$523.15 ,1916819,$521.57 ,$524.87 ,$514.61 
7/12/2022,$530.93 ,1639377,$550.89 ,$553.68 ,$529.63 
7/11/2022,$558.03 ,1089021,$550.00 ,$560.66 ,$546.85 
7/8/2022,$553.71 ,752546,$549.87 ,$558.18 ,$548.89 
7/7/2022,$553.76 ,1243654,$553.00 ,$558.87 ,$548.55 
7/6/2022,$556.04 ,1220614,$545.00 ,$559.18 ,$543.60 
7/5/2022,$545.07 ,641756,$539.86 ,$545.17 ,$533.35 
7/1/2022,$548.27 ,835320,$543.95 ,$549.04 ,$533.96 
6/30/2022,$543.28 ,1364620,$531.05 ,$546.23 ,$529.50 
6/29/2022,$535.92 ,860740,$536.02 ,$538.32 ,$528.08 
6/28/2022,$535.77 ,858874,$542.60 ,$545.12 ,$534.30 
6/27/2022,$543.64 ,767419,$545.84 ,$547.11 ,$539.74 
6/24/2022,$544.81 ,1292104,$541.12 ,$545.20 ,$537.30 
6/23/2022,$540.60 ,1365282,$523.00 ,$541.07 ,$520.90 
6/22/2022,$519.22 ,1214847,$508.44 ,$525.49 ,$508.44 
6/21/2022,$513.54 ,1463398,$506.31 ,$516.61 ,$505.56 
6/17/2022,$500.90 ,2175239,$502.15 ,$512.41 ,$500.78 
6/16/2022,$504.89 ,1180083,$503.57 ,$506.18 ,$497.83 
6/15/2022,$514.76 ,1320526,$514.79 ,$521.69 ,$507.13 
6/14/2022,$507.45 ,1009138,$510.14 ,$514.19 ,$502.86 
6/13/2022,$511.91 ,1463724,$511.60 ,$517.87 ,$508.73 
6/10/2022,$526.88 ,1177700,$530.29 ,$533.86 ,$522.95 
6/9/2022,$539.82 ,832940,$547.93 ,$552.02 ,$539.58 
6/8/2022,$552.06 ,837465,$559.17 ,$560.45 ,$549.68 
6/7/2022,$560.66 ,1113630,$550.55 ,$561.55 ,$550.13 
6/6/2022,$552.88 ,1114421,$558.95 ,$562.40 ,$550.54 
6/3/2022,$558.10 ,736404,$561.04 ,$562.67 ,$554.76 
6/2/2022,$570.10 ,842754,$554.56 ,$570.40 ,$549.01 
6/1/2022,$556.22 ,1309492,$569.55 ,$573.09 ,$550.32 
5/31/2022,$567.57 ,2630886,$568.68 ,$573.29 ,$562.50 
5/27/2022,$572.35 ,1721270,$545.57 ,$573.11 ,$544.27 
5/26/2022,$540.11 ,1855185,$538.99 ,$541.55 ,$533.80 
5/25/2022,$534.27 ,1538292,$550.84 ,$550.84 ,$529.70 
5/24/2022,$548.82 ,1012531,$552.51 ,$553.25 ,$543.28 
5/23/2022,$555.21 ,1180803,$559.17 ,$560.79 ,$550.76 
5/20/2022,$555.15 ,2167599,$558.92 ,$565.92 ,$544.44 
5/19/2022,$550.74 ,2065679,$540.00 ,$559.93 ,$537.43 
5/18/2022,$542.17 ,1403495,$547.44 ,$550.35 ,$539.21 
5/17/2022,$554.60 ,1554908,$553.19 ,$560.98 ,$544.14 
5/16/2022,$539.38 ,883659,$537.34 ,$543.78 ,$533.03 
5/13/2022,$541.42 ,1375157,$534.81 ,$551.86 ,$532.99 
5/12/2022,$525.80 ,1532677,$513.77 ,$527.59 ,$512.10 
5/11/2022,$520.00 ,1146438,$520.42 ,$532.52 ,$519.60 
5/10/2022,$526.23 ,1682702,$527.29 ,$532.27 ,$516.56 
5/9/2022,$517.39 ,1568734,$538.66 ,$538.66 ,$514.88 
5/6/2022,$546.68 ,1116492,$542.39 ,$549.11 ,$533.59 
5/5/2022,$550.51 ,1378202,$559.93 ,$561.52 ,$543.06 
5/4/2022,$562.98 ,1251298,$542.38 ,$565.75 ,$540.84 
5/3/2022,$546.32 ,1428063,$544.35 ,$553.82 ,$541.40 
5/2/2022,$545.52 ,1972042,$548.93 ,$553.42 ,$535.91 
4/29/2022,$552.92 ,2168827,$557.96 ,$566.33 ,$551.51 
4/28/2022,$558.89 ,2737285,$559.73 ,$567.33 ,$548.10 
4/27/2022,$520.48 ,1895916,$520.34 ,$528.33 ,$515.74 
4/26/2022,$516.44 ,2469948,$534.11 ,$538.12 ,$514.02 
4/25/2022,$544.16 ,2597212,$546.49 ,$549.87 ,$529.49 
4/22/2022,$561.28 ,1478000,$574.85 ,$576.71 ,$560.70 
4/21/2022,$580.43 ,1231956,$592.48 ,$595.50 ,$578.14 
4/20/2022,$591.15 ,1598051,$575.08 ,$598.59 ,$575.08 
4/19/2022,$574.15 ,1139001,$574.76 ,$576.00 ,$568.35 
4/18/2022,$572.13 ,1161177,$568.96 ,$575.00 ,$565.95 
4/14/2022,$568.90 ,1225640,$578.03 ,$578.07 ,$564.64 
4/13/2022,$576.80 ,1286264,$571.50 ,$578.34 ,$564.60 
4/12/2022,$570.94 ,1411212,$584.08 ,$585.66 ,$565.53 
4/11/2022,$585.67 ,1470127,$598.52 ,$603.68 ,$584.55 
4/8/2022,$608.86 ,1629030,$610.00 ,$618.36 ,$606.76 
4/7/2022,$612.21 ,2140295,$582.99 ,$617.14 ,$581.96 
4/6/2022,$587.41 ,1232796,$579.17 ,$590.11 ,$573.03 
4/5/2022,$584.28 ,1082232,$584.87 ,$593.73 ,$580.69 
4/4/2022,$590.14 ,1027668,$591.27 ,$594.74 ,$585.25 
4/1/2022,$592.34 ,1028726,$592.22 ,$594.16 ,$584.44 
3/31/2022,$590.65 ,1637380,$592.33 ,$601.13 ,$590.65 
3/30/2022,$595.15 ,1092904,$592.53 ,$599.25 ,$590.89 
3/29/2022,$592.87 ,1201260,$592.76 ,$596.60 ,$584.94 
3/28/2022,$583.19 ,945361,$576.99 ,$583.30 ,$575.01 
3/25/2022,$574.29 ,1037292,$577.88 ,$581.05 ,$568.27 
3/24/2022,$573.69 ,971317,$574.14 ,$575.44 ,$567.06 
3/23/2022,$571.31 ,1195092,$581.60 ,$583.08 ,$569.95 
3/22/2022,$587.36 ,1499772,$590.27 ,$594.68 ,$586.53 
3/21/2022,$589.30 ,1691043,$581.81 ,$590.19 ,$581.81 
3/18/2022,$589.09 ,2622126,$576.81 ,$590.57 ,$573.34 
3/17/2022,$572.25 ,1330615,$562.60 ,$572.67 ,$559.01 
3/16/2022,$562.55 ,1397690,$556.82 ,$565.93 ,$551.00 
3/15/2022,$550.64 ,1253111,$540.30 ,$552.50 ,$539.74 
3/14/2022,$535.88 ,1102369,$535.68 ,$551.39 ,$530.67 
3/11/2022,$529.81 ,952232,$543.24 ,$543.50 ,$528.93 
3/10/2022,$538.25 ,1481200,$536.43 ,$541.55 ,$533.87 
3/9/2022,$541.70 ,1480986,$539.70 ,$543.84 ,$531.02 
3/8/2022,$524.00 ,1785322,$526.60 ,$535.73 ,$519.89 
3/7/2022,$534.75 ,2168410,$542.00 ,$544.90 ,$524.16 
3/4/2022,$547.32 ,1317907,$550.27 ,$551.33 ,$537.05 
3/3/2022,$554.29 ,1355198,$558.01 ,$568.96 ,$550.70 
3/2/2022,$556.45 ,1643973,$544.77 ,$561.77 ,$542.35 
3/1/2022,$543.07 ,1609934,$544.62 ,$547.61 ,$538.82 
2/28/2022,$544.00 ,1772824,$545.12 ,$549.69 ,$538.84 
2/25/2022,$549.83 ,1156903,$536.85 ,$550.07 ,$534.55 
2/24/2022,$540.17 ,2174480,$518.80 ,$542.38 ,$513.94 
2/23/2022,$528.58 ,1520299,$532.00 ,$542.65 ,$527.84 
2/22/2022,$529.89 ,1727999,$536.33 ,$540.71 ,$526.90 
2/18/2022,$537.14 ,1473704,$541.87 ,$545.49 ,$534.55 
2/17/2022,$540.54 ,1667497,$550.80 ,$550.80 ,$539.59 
2/16/2022,$550.35 ,2154682,$552.37 ,$554.70 ,$539.17 
2/15/2022,$556.67 ,1438598,$567.48 ,$571.23 ,$553.82 
2/14/2022,$561.19 ,1387691,$564.52 ,$568.77 ,$555.97 
2/11/2022,$566.29 ,1726170,$578.97 ,$584.88 ,$564.57 
2/10/2022,$580.28 ,1931140,$581.67 ,$587.21 ,$577.32 
2/9/2022,$589.85 ,1335302,$594.19 ,$598.47 ,$587.98 
2/8/2022,$587.53 ,1143978,$577.89 ,$592.65 ,$577.89 
2/7/2022,$587.05 ,1243004,$597.90 ,$599.75 ,$584.90 
2/4/2022,$594.42 ,1393172,$592.31 ,$599.18 ,$587.72 
2/3/2022,$594.93 ,1758007,$595.21 ,$601.50 ,$589.68 
2/2/2022,$604.13 ,2087220,$606.14 ,$608.71 ,$594.31 
2/1/2022,$594.31 ,2215553,$588.30 ,$595.85 ,$580.21 
1/31/2022,$581.30 ,1886264,$574.00 ,$581.61 ,$572.17 
1/28/2022,$572.03 ,1583882,$554.58 ,$572.39 ,$543.70 
1/27/2022,$553.74 ,1933811,$568.58 ,$571.41 ,$552.81 
1/26/2022,$562.90 ,1892871,$575.25 ,$575.61 ,$558.38 
1/25/2022,$567.75 ,1864688,$568.59 ,$576.97 ,$560.72 
1/24/2022,$575.80 ,2587688,$570.85 ,$576.21 ,$552.37 
1/21/2022,$580.33 ,2095535,$587.89 ,$590.53 ,$578.28 
1/20/2022,$588.16 ,1530383,$595.06 ,$602.48 ,$586.78 
1/19/2022,$593.37 ,1876039,$593.71 ,$602.59 ,$592.25 
1/18/2022,$590.10 ,1849584,$586.14 ,$594.80 ,$584.18 
1/14/2022,$594.80 ,2426246,$597.93 ,$602.24 ,$588.19 
1/13/2022,$600.89 ,2018085,$624.71 ,$625.90 ,$599.85 
1/12/2022,$625.20 ,1554207,$618.68 ,$631.89 ,$618.68 
1/11/2022,$620.50 ,2474792,$625.00 ,$627.28 ,$611.99 
1/10/2022,$625.04 ,2095707,$599.84 ,$625.42 ,$598.92 
1/7/2022,$607.07 ,1741875,$621.00 ,$621.48 ,$606.19 
1/6/2022,$620.40 ,1686017,$618.00 ,$626.82 ,$609.61 
1/5/2022,$618.52 ,1915352,$618.00 ,$628.76 ,$615.79 
1/4/2022,$618.00 ,2598032,$637.30 ,$638.03 ,$612.59 
1/3/2022,$644.92 ,1890029,$662.99 ,$664.27 ,$640.18 
12/31/2021,$667.24 ,778774,$665.00 ,$672.34 ,$663.33 
12/30/2021,$665.45 ,555652,$664.69 ,$668.94 ,$662.38 
12/29/2021,$662.73 ,644147,$660.13 ,$665.17 ,$654.21 
12/28/2021,$655.38 ,818185,$665.50 ,$666.66 ,$653.23 
12/27/2021,$662.21 ,531368,$656.91 ,$662.75 ,$652.82 
12/23/2021,$650.70 ,839970,$653.26 ,$656.23 ,$649.04 
12/22/2021,$651.70 ,918586,$648.72 ,$653.47 ,$645.41 
12/21/2021,$645.34 ,1201003,$648.64 ,$650.00 ,$635.69 
12/20/2021,$649.32 ,1001344,$650.45 ,$656.36 ,$640.38 
12/17/2021,$651.07 ,2479232,$655.47 ,$660.33 ,$647.51 
12/16/2021,$661.25 ,1625127,$655.50 ,$664.17 ,$651.02 
12/15/2021,$655.74 ,1422813,$636.75 ,$656.73 ,$633.22 
12/14/2021,$632.11 ,1491614,$640.00 ,$643.33 ,$624.38 
12/13/2021,$646.01 ,1181900,$642.50 ,$649.39 ,$640.45 
12/10/2021,$642.51 ,989666,$636.96 ,$644.78 ,$636.96 
12/9/2021,$637.07 ,1029293,$638.11 ,$642.33 ,$635.07 
12/8/2021,$638.15 ,1267454,$631.00 ,$638.68 ,$627.90 
12/7/2021,$628.71 ,1585315,$633.18 ,$637.75 ,$624.19 
12/6/2021,$622.25 ,2319747,$635.00 ,$635.66 ,$609.21 
12/3/2021,$636.11 ,1698526,$634.15 ,$636.60 ,$618.33 
12/2/2021,$627.58 ,1481709,$622.64 ,$633.50 ,$618.91 
12/1/2021,$626.15 ,1502852,$634.68 ,$637.68 ,$625.88 
11/30/2021,$632.83 ,2562961,$641.44 ,$649.23 ,$631.09 
11/29/2021,$648.77 ,1869937,$640.00 ,$654.65 ,$638.28 
11/26/2021,$638.74 ,1677730,$652.71 ,$666.65 ,$636.90 
11/24/2021,$633.00 ,1283242,$633.25 ,$633.68 ,$623.90 
11/23/2021,$632.76 ,1022487,$629.20 ,$634.08 ,$622.31 
11/22/2021,$633.96 ,1318905,$640.00 ,$640.80 ,$631.00 
11/19/2021,$636.05 ,1225539,$638.17 ,$645.01 ,$635.89 
11/18/2021,$637.63 ,968754,$638.43 ,$640.24 ,$631.18 
11/17/2021,$637.30 ,1390362,$643.33 ,$647.00 ,$633.35 
11/16/2021,$641.48 ,1346930,$630.38 ,$651.57 ,$630.38 
11/15/2021,$632.36 ,826113,$636.59 ,$639.26 ,$632.01 
11/12/2021,$635.25 ,888121,$632.91 ,$639.71 ,$629.85 
11/11/2021,$631.48 ,687620,$627.97 ,$632.23 ,$625.47 
11/10/2021,$626.86 ,1119074,$615.69 ,$628.91 ,$615.69 
11/9/2021,$618.58 ,927097,$623.75 ,$624.62 ,$615.01 
11/8/2021,$624.47 ,1170933,$621.49 ,$626.30 ,$615.42 
11/5/2021,$616.80 ,2693353,$614.18 ,$621.79 ,$599.45 
11/4/2021,$639.76 ,1396076,$642.70 ,$643.52 ,$630.54 
11/3/2021,$642.37 ,1216650,$636.50 ,$642.58 ,$628.39 
11/2/2021,$636.20 ,1376593,$637.86 ,$643.36 ,$632.79 
11/1/2021,$635.10 ,1582589,$632.35 ,$638.72 ,$627.84 
10/29/2021,$633.07 ,1541726,$621.67 ,$634.10 ,$616.95 
10/28/2021,$620.07 ,1280094,$615.00 ,$627.36 ,$611.49 
10/27/2021,$612.29 ,1771107,$616.80 ,$625.99 ,$609.13 
10/26/2021,$608.34 ,1051502,$609.66 ,$611.00 ,$603.86 
10/25/2021,$607.75 ,951887,$612.00 ,$612.00 ,$602.50 
10/22/2021,$611.96 ,738684,$608.93 ,$612.06 ,$605.05 
10/21/2021,$608.41 ,959254,$610.93 ,$612.00 ,$597.57 
10/20/2021,$605.60 ,1062105,$609.78 ,$609.87 ,$600.01 
10/19/2021,$592.10 ,765695,$591.00 ,$597.01 ,$589.62 
10/18/2021,$588.03 ,1534012,$583.56 ,$590.89 ,$581.00 
10/15/2021,$582.39 ,874699,$580.16 ,$583.81 ,$577.96 
10/14/2021,$577.35 ,845764,$577.64 ,$584.56 ,$575.26 
10/13/2021,$573.56 ,1223109,$579.05 ,$583.48 ,$570.52 
10/12/2021,$575.91 ,1012216,$582.00 ,$582.99 ,$569.96 
10/11/2021,$578.66 ,675974,$581.20 ,$586.74 ,$578.46 
10/8/2021,$583.92 ,851406,$585.28 ,$589.56 ,$580.40 
10/7/2021,$583.51 ,1027820,$579.94 ,$589.12 ,$579.94 
10/6/2021,$575.60 ,1133518,$567.50 ,$576.00 ,$565.91 
10/5/2021,$571.88 ,1384503,$571.03 ,$581.93 ,$569.17 
10/4/2021,$569.00 ,1323664,$571.55 ,$574.52 ,$562.62 
10/1/2021,$572.72 ,1657632,$570.57 ,$576.20 ,$552.01 
9/30/2021,$571.33 ,1510865,$582.86 ,$588.71 ,$570.99 
9/29/2021,$579.60 ,1040928,$581.00 ,$585.94 ,$578.00 
9/28/2021,$576.45 ,1750178,$585.36 ,$588.59 ,$570.16 
9/27/2021,$594.67 ,1708957,$603.51 ,$605.52 ,$583.83 
9/24/2021,$609.78 ,1300901,$611.40 ,$616.93 ,$605.85 
9/23/2021,$608.23 ,1179152,$607.10 ,$614.13 ,$603.16 
9/22/2021,$606.63 ,1696706,$601.52 ,$610.19 ,$595.36 
9/21/2021,$597.04 ,1364453,$593.49 ,$602.76 ,$589.00 
9/20/2021,$590.20 ,2674334,$592.69 ,$602.19 ,$585.00 
9/17/2021,$596.80 ,5284996,$597.06 ,$609.30 ,$576.00 
9/16/2021,$560.44 ,1053405,$562.11 ,$562.79 ,$555.29 
9/15/2021,$562.96 ,1241430,$559.45 ,$566.09 ,$557.04 
9/14/2021,$562.40 ,785434,$563.19 ,$566.14 ,$560.38 
9/13/2021,$559.13 ,1372474,$573.35 ,$575.30 ,$549.18 
9/10/2021,$571.96 ,1054674,$571.58 ,$575.63 ,$569.20 
9/9/2021,$568.78 ,1122606,$573.93 ,$575.63 ,$567.05 
9/8/2021,$572.58 ,945082,$568.80 ,$573.27 ,$566.18 
9/7/2021,$569.17 ,1241886,$568.00 ,$569.45 ,$558.45 
9/3/2021,$568.11 ,825550,$562.95 ,$568.80 ,$560.53 
9/2/2021,$565.47 ,1137224,$561.41 ,$571.68 ,$559.95 
9/1/2021,$561.72 ,1062907,$552.78 ,$563.33 ,$551.91 
8/31/2021,$554.95 ,1287168,$559.83 ,$559.92 ,$548.61 
8/30/2021,$558.53 ,873326,$549.00 ,$558.75 ,$548.03 
8/27/2021,$548.51 ,846137,$554.68 ,$557.62 ,$547.47 
8/26/2021,$552.77 ,766002,$550.00 ,$554.06 ,$545.14 
8/25/2021,$548.08 ,963183,$552.58 ,$553.18 ,$544.16 
8/24/2021,$550.49 ,876121,$554.33 ,$554.33 ,$548.29 
8/23/2021,$552.61 ,1275223,$557.70 ,$560.70 ,$551.50 
8/20/2021,$555.00 ,935019,$552.28 ,$557.99 ,$550.42 
8/19/2021,$551.88 ,834913,$544.04 ,$554.27 ,$542.38 
8/18/2021,$544.66 ,913177,$553.97 ,$555.99 ,$544.32 
8/17/2021,$556.31 ,830360,$553.97 ,$557.59 ,$552.12 
8/16/2021,$554.46 ,1141380,$546.41 ,$554.54 ,$542.72 
8/13/2021,$544.64 ,608332,$541.96 ,$544.69 ,$540.64 
8/12/2021,$542.01 ,603184,$536.64 ,$543.14 ,$535.95 
8/11/2021,$537.26 ,898951,$540.45 ,$543.96 ,$534.03 
8/10/2021,$540.37 ,903170,$540.78 ,$546.60 ,$539.22 
8/9/2021,$541.16 ,861724,$543.83 ,$546.05 ,$539.13 
8/6/2021,$538.20 ,765938,$539.29 ,$542.00 ,$533.58 
8/5/2021,$542.35 ,781131,$540.97 ,$543.11 ,$536.71 
8/4/2021,$538.88 ,854595,$538.87 ,$541.30 ,$535.41 
8/3/2021,$536.99 ,934099,$534.24 ,$538.43 ,$532.30 
8/2/2021,$533.68 ,1147382,$542.08 ,$544.36 ,$531.88 
7/30/2021,$540.01 ,1412823,$534.89 ,$543.30 ,$531.38 
7/29/2021,$533.77 ,1000837,$531.53 ,$535.41 ,$529.95 
7/28/2021,$528.27 ,1814548,$518.00 ,$529.18 ,$516.00 
7/27/2021,$530.28 ,1091497,$528.36 ,$534.50 ,$527.56 
7/26/2021,$529.12 ,874518,$528.74 ,$533.00 ,$525.39 
7/23/2021,$532.26 ,1005129,$527.21 ,$533.15 ,$525.46 
7/22/2021,$524.50 ,868372,$519.71 ,$525.81 ,$518.66 
7/21/2021,$514.26 ,1113050,$522.97 ,$522.97 ,$507.16 
7/20/2021,$522.58 ,1145422,$521.86 ,$529.55 ,$520.05 
7/19/2021,$521.62 ,1317279,$518.55 ,$522.70 ,$516.22 
7/16/2021,$519.79 ,1080912,$514.76 ,$521.50 ,$513.88 
7/15/2021,$514.48 ,1074784,$509.93 ,$515.82 ,$509.40 
7/14/2021,$510.78 ,863901,$516.56 ,$516.89 ,$509.47 
7/13/2021,$514.30 ,941770,$513.90 ,$517.91 ,$512.28 
7/12/2021,$514.69 ,1427637,$519.69 ,$520.93 ,$512.93 
7/9/2021,$517.26 ,1184193,$519.08 ,$519.95 ,$514.59 
7/8/2021,$518.61 ,1383974,$512.00 ,$520.83 ,$511.48 
7/7/2021,$522.72 ,1433468,$519.98 ,$524.26 ,$517.07 
7/6/2021,$517.06 ,1288677,$515.67 ,$518.46 ,$513.28 
7/2/2021,$513.32 ,923535,$508.91 ,$514.63 ,$507.43 
7/1/2021,$509.53 ,1129429,$505.84 ,$509.57 ,$503.26 
6/30/2021,$504.47 ,1010024,$507.50 ,$508.85 ,$503.29 
6/29/2021,$508.24 ,1349887,$504.81 ,$510.60 ,$500.76 
6/28/2021,$505.10 ,1449682,$493.68 ,$505.74 ,$492.01 
6/25/2021,$492.87 ,4676113,$495.00 ,$497.71 ,$491.19 
6/24/2021,$495.36 ,1326742,$495.00 ,$498.43 ,$493.55 
6/23/2021,$494.02 ,1358076,$490.89 ,$494.16 ,$489.15 
6/22/2021,$492.21 ,1840708,$484.32 ,$492.40 ,$482.97 
6/21/2021,$483.56 ,1111271,$484.22 ,$487.00 ,$476.72 
6/18/2021,$482.47 ,2321324,$483.14 ,$488.06 ,$480.44 
6/17/2021,$486.08 ,2237383,$468.84 ,$489.32 ,$468.05 
6/16/2021,$468.42 ,1691803,$468.06 ,$477.32 ,$465.93 
6/15/2021,$470.08 ,1260757,$472.75 ,$473.44 ,$467.59 
6/14/2021,$470.07 ,1452747,$464.70 ,$470.94 ,$463.39 
6/11/2021,$465.15 ,1935144,$464.07 ,$465.90 ,$461.16 
6/10/2021,$464.91 ,2679648,$448.79 ,$465.70 ,$447.80 
6/9/2021,$448.21 ,1795690,$444.65 ,$449.91 ,$442.49 
6/8/2021,$441.00 ,2819433,$441.77 ,$444.00 ,$438.72 
6/7/2021,$444.45 ,2781999,$449.30 ,$450.58 ,$443.46 
6/4/2021,$448.76 ,1731238,$448.97 ,$452.49 ,$445.13 
6/3/2021,$445.33 ,2396147,$447.58 ,$451.49 ,$444.00 
6/2/2021,$449.21 ,2355183,$447.71 ,$452.48 ,$446.53 
6/1/2021,$447.01 ,4619093,$467.00 ,$470.91 ,$446.31 
5/28/2021,$469.50 ,1618182,$471.74 ,$480.69 ,$469.41 
5/27/2021,$472.48 ,4059834,$459.67 ,$472.64 ,$457.02 
5/26/2021,$459.69 ,2142611,$462.09 ,$464.50 ,$457.25 
5/25/2021,$464.02 ,1592756,$465.30 ,$466.43 ,$461.58 
5/24/2021,$462.46 ,1194828,$465.37 ,$466.57 ,$461.72 
5/21/2021,$462.34 ,1415320,$467.60 ,$471.85 ,$462.08 
5/20/2021,$465.29 ,1181247,$457.70 ,$467.67 ,$457.70 
5/19/2021,$456.95 ,1136808,$451.90 ,$458.13 ,$449.58 
5/18/2021,$454.61 ,1897261,$450.71 ,$459.04 ,$448.52 
5/17/2021,$452.92 ,1091121,$460.87 ,$461.44 ,$451.82 
5/14/2021,$459.07 ,1009749,$457.88 ,$461.40 ,$454.92 
5/13/2021,$456.92 ,1240357,$457.06 ,$458.98 ,$453.56 
5/12/2021,$454.78 ,1454574,$457.70 ,$464.00 ,$454.06 
5/11/2021,$464.00 ,1568746,$457.74 ,$464.14 ,$455.50 
5/10/2021,$463.47 ,1502706,$468.02 ,$469.95 ,$462.40 
5/7/2021,$468.45 ,1442085,$473.44 ,$478.99 ,$467.90 
5/6/2021,$470.14 ,1530913,$469.04 ,$470.58 ,$462.31 
5/5/2021,$467.77 ,1260004,$468.60 ,$473.50 ,$464.82 
5/4/2021,$465.28 ,1703288,$463.93 ,$465.77 ,$459.63 
5/3/2021,$467.38 ,1581365,$471.78 ,$473.13 ,$465.14 
4/30/2021,$470.23 ,2094759,$465.47 ,$475.17 ,$465.00 
4/29/2021,$464.39 ,3359512,$477.63 ,$479.78 ,$461.60 
4/28/2021,$485.80 ,1140823,$489.56 ,$491.59 ,$485.05 
4/27/2021,$490.22 ,978302,$495.60 ,$496.52 ,$490.11 
4/26/2021,$494.04 ,1671716,$489.06 ,$496.25 ,$486.59 
4/23/2021,$488.09 ,1210828,$485.41 ,$490.37 ,$484.17 
4/22/2021,$484.21 ,1087220,$479.52 ,$488.83 ,$478.89 
4/21/2021,$480.41 ,1312441,$484.25 ,$485.91 ,$476.48 
4/20/2021,$482.36 ,1464561,$487.70 ,$490.00 ,$481.87 
4/19/2021,$487.64 ,1677271,$490.00 ,$494.75 ,$486.08 
4/16/2021,$492.92 ,2590513,$498.08 ,$499.00 ,$490.91 
4/15/2021,$494.38 ,2380024,$485.00 ,$498.06 ,$484.00 
4/14/2021,$478.04 ,1744544,$484.00 ,$493.20 ,$473.45 
4/13/2021,$484.85 ,1837365,$478.59 ,$487.70 ,$478.05 
4/12/2021,$475.98 ,1163117,$478.13 ,$481.21 ,$474.56 
4/9/2021,$478.88 ,1147584,$472.47 ,$479.14 ,$471.05 
4/8/2021,$471.51 ,1339421,$471.85 ,$475.79 ,$469.79 
4/7/2021,$466.38 ,1801821,$467.00 ,$470.82 ,$462.45 
4/6/2021,$468.74 ,1150703,$467.95 ,$473.00 ,$463.59 
4/5/2021,$465.39 ,1509915,$460.23 ,$467.45 ,$460.23 
4/1/2021,$456.30 ,993253,$461.25 ,$462.12 ,$456.09 
3/31/2021,$456.38 ,1563611,$456.08 ,$460.84 ,$453.00 
3/30/2021,$451.47 ,1448284,$455.03 ,$458.35 ,$450.73 
3/29/2021,$458.57 ,1927125,$456.49 ,$460.95 ,$450.23 
3/26/2021,$460.06 ,1750894,$444.60 ,$460.63 ,$442.26 
3/25/2021,$442.29 ,1680711,$444.79 ,$444.79 ,$434.63 
3/24/2021,$445.37 ,1547756,$450.48 ,$454.73 ,$444.99 
3/23/2021,$452.01 ,1156365,$454.11 ,$458.13 ,$450.50 
3/22/2021,$454.66 ,1431798,$445.01 ,$456.39 ,$443.10 
3/19/2021,$445.01 ,2693130,$447.16 ,$450.39 ,$444.77 
3/18/2021,$445.75 ,2126854,$440.97 ,$453.52 ,$438.33 
3/17/2021,$442.61 ,1876284,$442.81 ,$445.90 ,$440.21 
3/16/2021,$446.43 ,2402435,$455.29 ,$455.72 ,$442.00 
3/15/2021,$452.82 ,1701845,$447.42 ,$455.19 ,$445.75 
3/12/2021,$450.49 ,1577364,$454.98 ,$457.12 ,$447.50 
3/11/2021,$460.52 ,2617094,$450.00 ,$463.23 ,$448.01 
3/10/2021,$441.09 ,2759823,$456.70 ,$459.78 ,$440.73 
3/9/2021,$448.11 ,2863308,$450.00 ,$461.06 ,$447.72 
3/8/2021,$439.85 ,1572169,$445.61 ,$454.09 ,$439.45 
3/5/2021,$446.87 ,2749199,$445.00 ,$448.85 ,$433.52 
3/4/2021,$441.46 ,2508871,$446.08 ,$451.93 ,$439.00 
3/3/2021,$450.96 ,2001138,$462.22 ,$465.00 ,$450.70 
3/2/2021,$462.11 ,1718748,$460.00 ,$467.31 ,$458.08 
3/1/2021,$459.56 ,1311416,$454.19 ,$460.60 ,$453.94 
2/26/2021,$450.08 ,2153076,$454.72 ,$455.91 ,$448.83 
2/25/2021,$451.47 ,2148238,$457.75 ,$458.00 ,$448.54 
2/24/2021,$456.66 ,2426864,$470.83 ,$473.36 ,$454.60 
2/23/2021,$458.81 ,2055436,$460.88 ,$461.39 ,$453.05 
2/22/2021,$463.28 ,2127356,$474.77 ,$476.25 ,$461.76 
2/19/2021,$478.86 ,1917954,$489.14 ,$489.90 ,$478.06 
2/18/2021,$488.80 ,1468159,$497.85 ,$499.55 ,$488.33 
2/17/2021,$498.46 ,1006776,$497.58 ,$505.56 ,$494.09 
2/16/2021,$500.08 ,1467356,$510.00 ,$513.61 ,$498.32 
2/12/2021,$507.83 ,1762787,$494.16 ,$511.28 ,$493.74 
2/11/2021,$494.05 ,1027192,$488.17 ,$494.52 ,$484.10 
2/10/2021,$484.88 ,1677818,$494.24 ,$494.24 ,$483.81 
2/9/2021,$489.30 ,1452533,$495.29 ,$499.99 ,$488.30 
2/8/2021,$495.76 ,1418883,$497.00 ,$502.15 ,$493.24 
2/5/2021,$492.56 ,1678820,$491.53 ,$494.37 ,$487.06 
2/4/2021,$488.96 ,2921858,$500.22 ,$503.05 ,$487.66 
2/3/2021,$500.22 ,1705191,$518.80 ,$519.57 ,$499.30 
2/2/2021,$518.53 ,1502288,$519.99 ,$525.73 ,$518.01 
2/1/2021,$515.47 ,2083065,$516.84 ,$526.59 ,$512.00 
1/29/2021,$509.70 ,2586351,$494.04 ,$513.68 ,$490.63 
1/28/2021,$496.48 ,1619832,$491.33 ,$503.34 ,$489.66 
1/27/2021,$482.48 ,2504945,$500.22 ,$501.00 ,$479.18 
1/26/2021,$507.83 ,1006293,$516.21 ,$518.16 ,$507.20 
1/25/2021,$518.83 ,1509706,$518.53 ,$522.00 ,$515.62 
1/22/2021,$514.60 ,1936557,$511.71 ,$517.11 ,$510.01 
1/21/2021,$512.36 ,1514396,$515.80 ,$520.00 ,$512.01 
1/20/2021,$515.84 ,1257112,$509.66 ,$519.76 ,$509.41 
1/19/2021,$507.38 ,1758677,$510.00 ,$513.97 ,$503.10 
1/15/2021,$503.14 ,1892739,$497.33 ,$511.51 ,$497.00 
1/14/2021,$496.91 ,1426886,$502.00 ,$507.32 ,$496.06 
1/13/2021,$501.71 ,1410318,$500.00 ,$505.00 ,$499.77 
1/12/2021,$498.77 ,2039021,$512.27 ,$515.70 ,$495.94 
1/11/2021,$513.35 ,1669660,$508.99 ,$518.65 ,$508.96 
1/8/2021,$512.30 ,2221795,$509.88 ,$519.00 ,$503.05 
1/7/2021,$500.33 ,2144421,$489.91 ,$505.49 ,$488.00 
1/6/2021,$485.21 ,2112389,$471.30 ,$489.96 ,$470.23 
1/5/2021,$477.72 ,2046719,$472.00 ,$482.90 ,$471.00 
1/4/2021,$471.82 ,2220508,$469.05 ,$476.38 ,$462.17 
